"test.id","bottle.id","substrate","ISR","vol.bot","vol.hs","m.inoc","m.sub","m.inoc.vs","m.sub.vs"
101,635,"BK",NA,NA,NA,430,NA,7.5977,NA
101,636,"BK",NA,NA,NA,430,NA,7.5977,NA
101,637,"BK",NA,NA,NA,430,NA,7.5977,NA
101,638,"CEL",2.1407,NA,NA,430,3.74,7.5977,3.5493
101,639,"CEL",2.1408,NA,NA,430,3.7398,7.5977,3.5491
101,640,"CEL",2.1391,NA,NA,430,3.7428,7.5977,3.5519
101,641,"SA",1.9273,NA,NA,430,4.7727,7.5977,3.9423
101,642,"SA",1.9258,NA,NA,430,4.7762,7.5977,3.9451
101,643,"SA",1.9254,NA,NA,430,4.7774,7.5977,3.9461
101,644,"SB",2.0595,NA,NA,430,4.2747,7.5977,3.6891
101,645,"SB",2.0605,NA,NA,430,4.2726,7.5977,3.6873
101,646,"SB",2.0613,NA,NA,430,4.2711,7.5977,3.686
101,647,"SC",3.9309,NA,NA,450,2.5003,7.9511,2.0227
101,648,"SC",3.9263,NA,NA,450,2.5032,7.9511,2.0251
101,649,"SC",3.9214,NA,NA,450,2.5063,7.9511,2.0276
102,712,"BK",NA,NA,NA,1908.8,NA,34.672,NA
102,713,"BK",NA,NA,NA,1905.3,NA,34.609,NA
102,714,"BK",NA,NA,NA,1907.5,NA,34.65,NA
102,715,"CEL",2.0139,NA,NA,1904.4,18.1,34.593,17.177
102,716,"CEL",2.0006,NA,NA,1905.4,18.23,34.611,17.3
102,717,"CEL",1.997,NA,NA,1900.9,18.22,34.53,17.291
102,718,"SA",2.0194,NA,NA,1905.4,20.75,34.611,17.14
102,719,"SA",2.0286,NA,NA,1911.3,20.72,34.718,17.115
102,720,"SA",2.0134,NA,NA,1899.7,20.75,34.509,17.14
102,721,"SB",1.9971,NA,NA,1903.3,20.06,34.574,17.312
102,722,"SB",1.9925,NA,NA,1907.4,20.15,34.648,17.389
102,723,"SB",1.9961,NA,NA,1902.4,20.06,34.556,17.312
102,724,"SC",2.0049,NA,NA,1905.5,21.34,34.613,17.264
102,725,"SC",1.9991,NA,NA,1902.6,21.37,34.561,17.288
102,726,"SC",1.9971,NA,NA,1906.9,21.44,34.639,17.345
103,73,"SA",2.0286,NA,NA,80,0.7591,1.272,0.62702
103,74,"SA",2.0138,NA,NA,80,0.7647,1.272,0.63164
103,75,"SA",2.0238,NA,NA,80.02,0.7611,1.2723,0.62867
103,76,"SB",1.9853,NA,NA,80.02,0.7426,1.2723,0.64086
103,77,"SB",1.9728,NA,NA,80.02,0.7473,1.2723,0.64492
103,78,"SB",1.9882,NA,NA,80.03,0.7416,1.2725,0.64
103,79,"BK",NA,NA,NA,119.97,NA,1.9075,NA
103,80,"BK",NA,NA,NA,120.05,NA,1.9088,NA
103,81,"BK",NA,NA,NA,120.03,NA,1.9085,NA
103,82,"SC",4.055,NA,NA,79.99,0.3877,1.2718,0.31365
103,83,"SC",3.9876,NA,NA,80,0.3943,1.272,0.31899
103,84,"SC",3.962,NA,NA,79.98,0.39675,1.2717,0.32097
103,85,"SC",4.0059,NA,NA,80.02,0.3926,1.2723,0.31761
103,86,"CEL",1.9929,NA,NA,79.98,0.6724,1.2717,0.63811
103,87,"CEL",1.9956,NA,NA,79.97,0.6714,1.2715,0.63716
103,88,"CEL",2.003,NA,NA,80.04,0.6695,1.2726,0.63536
104,533,"BK",NA,NA,NA,159.4,NA,11.306,NA
104,534,"BK",NA,NA,NA,159.45,NA,11.309,NA
104,535,"BK",NA,NA,NA,159.4,NA,11.306,NA
104,536,"CEL",11.278,NA,NA,159.42,1.0564,11.307,1.0025
104,537,"CEL",11.283,NA,NA,159.42,1.056,11.307,1.0021
104,538,"CEL",11.283,NA,NA,159.42,1.056,11.307,1.0021
104,539,"SA",2.1261,NA,NA,159.41,6.438,11.306,5.3178
104,540,"SA",2.1256,NA,NA,159.42,6.44,11.307,5.3194
104,541,"SA",2.1254,NA,NA,159.43,6.441,11.308,5.3203
104,542,"SB",2.1213,NA,NA,159.44,6.177,11.308,5.3308
104,543,"SB",2.1223,NA,NA,159.41,6.173,11.306,5.3273
104,544,"SB",2.1212,NA,NA,159.43,6.177,11.308,5.3308
104,545,"SC",4.2757,NA,NA,159.43,3.269,11.308,2.6446
104,546,"SC",4.2624,NA,NA,159.42,3.279,11.307,2.6527
104,547,"SC",4.2663,NA,NA,159.42,3.276,11.307,2.6503
105,156,"BK",NA,NA,NA,158.12,NA,10.394,NA
105,157,"BK",NA,NA,NA,158.26,NA,10.403,NA
105,158,"BK",NA,NA,NA,158.21,NA,10.4,NA
105,159,"CEL",10.376,NA,NA,158.21,1.0561,10.4,1.0022
105,160,"CEL",10.377,NA,NA,158.21,1.056,10.4,1.0021
105,161,"CEL",10.375,NA,NA,158.24,1.0564,10.402,1.0025
105,162,"SA",2.112,NA,NA,158.28,5.964,10.404,4.9263
105,163,"SA",2.1131,NA,NA,158.28,5.9608,10.404,4.9236
105,164,"SA",2.1127,NA,NA,158.26,5.9613,10.403,4.924
105,165,"SB",2.1074,NA,NA,158.24,5.7193,10.402,4.9358
105,166,"SB",2.1072,NA,NA,158.3,5.722,10.406,4.9381
105,167,"SB",2.1069,NA,NA,158.25,5.721,10.402,4.9372
105,168,"SC",4.2364,NA,NA,158.25,3.0352,10.402,2.4555
105,169,"SC",4.2391,NA,NA,158.29,3.034,10.405,2.4545
105,170,"SC",4.2343,NA,NA,158.23,3.0363,10.401,2.4564
106,563,"BK",NA,NA,NA,403.69,NA,10.657,NA
106,564,"BK",NA,NA,NA,407.99,NA,10.771,NA
106,565,"BK",NA,NA,NA,411.08,NA,10.852,NA
106,566,"CEL",2.0927,NA,NA,400.22,5.32,10.566,5.0487
106,567,"CEL",2.1612,NA,NA,413.31,5.32,10.911,5.0487
106,568,"CEL",2.1215,NA,NA,406.48,5.33,10.731,5.0582
106,569,"SA",2.1425,NA,NA,407.57,6.08,10.76,5.0221
106,570,"SA",2.1604,NA,NA,411.66,6.09,10.868,5.0303
106,571,"SA",2.1324,NA,NA,406.33,6.09,10.727,5.0303
106,572,"SB",2.2338,NA,NA,423.53,5.8,11.181,5.0054
106,573,"SB",2.1344,NA,NA,404.68,5.8,10.683,5.0054
106,574,"SB",2.1375,NA,NA,405.27,5.8,10.699,5.0054
107,650,"SA",1.7423,NA,837.2,281.87,3.89,5.5983,3.2131
107,651,"SA",1.8635,NA,823.1,296.05,3.82,5.8799,3.1553
107,652,"SA",2.0442,NA,822.8,296.7,3.49,5.8928,2.8827
107,653,"SB",1.762,NA,817.4,301.66,3.94,5.9913,3.4002
107,654,"SB",2.0353,NA,809.1,310.41,3.51,6.1651,3.0291
107,655,"SB",2.0162,NA,817.3,302.25,3.45,6.003,2.9774
107,656,"SC",3.5635,NA,623.2,496.42,3.42,9.8595,2.7668
107,657,"SC",3.2745,NA,639.2,480.16,3.6,9.5365,2.9124
107,658,"SC",4.0249,NA,613.3,506.59,3.09,10.061,2.4998
107,659,"SC",2.1256,NA,715.8,402.6,4.65,7.9961,3.7618
107,660,"SC",1.9153,NA,803.8,315.18,4.04,6.2598,3.2684
107,661,"SC",2.0269,NA,814.7,304.65,3.69,6.0507,2.9852
107,662,"BK",NA,NA,703.7,419.34,NA,8.3286,NA
107,663,"BK",NA,NA,673.9,449.12,NA,8.92,NA
107,664,"BK",NA,NA,675.6,447.4,NA,8.8859,NA
107,665,"CEL",3.9837,NA,824.5,296.94,1.56,5.8976,1.4804
107,666,"CEL",4.5555,NA,810.3,311.27,1.43,6.1822,1.3571
107,667,"CEL",3.8541,NA,799,322.27,1.75,6.4007,1.6608
108,323,"BK",NA,NA,NA,1903.8,NA,33.543,NA
108,324,"BK",NA,NA,NA,1900.9,NA,33.492,NA
108,325,"BK",NA,NA,NA,1901,NA,33.494,NA
108,326,"CEL",2.003,NA,NA,1900.9,17.62,33.492,16.721
108,327,"CEL",1.9978,NA,NA,1900.3,17.66,33.482,16.759
108,328,"CEL",1.9999,NA,NA,1900.2,17.64,33.479,16.74
108,329,"SA",1.9923,NA,NA,1902.6,20.37,33.522,16.826
108,330,"SA",1.9932,NA,NA,1900.6,20.34,33.488,16.801
108,331,"SA",1.9932,NA,NA,1900.6,20.34,33.487,16.801
108,332,"SB",1.9926,NA,NA,1900.3,19.47,33.481,16.803
108,333,"SB",1.9935,NA,NA,1902.1,19.48,33.513,16.811
108,334,"SB",1.9904,NA,NA,1901.1,19.5,33.495,16.828
108,335,"SC",3.9866,NA,NA,1900.1,10.38,33.477,8.3974
108,336,"SC",3.9905,NA,NA,1900.1,10.37,33.478,8.3893
108,337,"SC",3.9573,NA,NA,1900.6,10.46,33.488,8.4621
109,198,"BK",Inf,NA,NA,450.06,0,8.8032,0
109,199,"BK",Inf,NA,NA,451.09,0,8.8234,0
109,200,"BK",Inf,NA,NA,450.33,0,8.8085,0
109,201,"CEL",1.9739,NA,NA,445.33,4.65,8.7107,4.4128
109,202,"CEL",1.9919,NA,NA,445.52,4.61,8.7144,4.3749
109,203,"CEL",1.982,NA,NA,445.23,4.63,8.7087,4.3939
109,204,"SA",1.9066,NA,NA,444.44,5.52,8.6933,4.5595
109,205,"SA",1.9065,NA,NA,444.42,5.52,8.6929,4.5595
109,206,"SA",1.8967,NA,NA,444.52,5.55,8.6948,4.5843
109,207,"SB",1.9767,NA,NA,444.79,5.1,8.7001,4.4013
109,208,"SB",1.9654,NA,NA,444.84,5.13,8.7011,4.4272
109,209,"SB",1.9732,NA,NA,444.88,5.11,8.7019,4.4099
109,210,"SC",1.9548,NA,NA,444.67,5.5,8.6978,4.4495
109,211,"SC",1.9827,NA,NA,444.47,5.42,8.6939,4.3848
109,212,"SC",1.9644,NA,NA,444.42,5.47,8.6929,4.4252
110,473,"SA",2.2691,NA,NA,80,0.749,1.4038,0.61867
110,474,"SA",2.2747,NA,NA,80.09,0.748,1.4054,0.61785
110,475,"SA",2.2618,NA,NA,80.04,0.7518,1.4045,0.62099
110,476,"SB",2.1956,NA,NA,80.11,0.7419,1.4058,0.64026
110,477,"SB",2.1972,NA,NA,80.07,0.741,1.4051,0.63948
110,478,"SB",2.194,NA,NA,80.05,0.7419,1.4047,0.64026
110,479,"BK",NA,NA,NA,100.04,NA,1.7555,NA
110,480,"BK",NA,NA,NA,100,NA,1.7548,NA
110,481,"BK",NA,NA,NA,100.02,NA,1.7552,NA
110,482,"SC",4.5462,NA,NA,80,0.3817,1.4038,0.3088
110,483,"SC",4.5391,NA,NA,80,0.3823,1.4038,0.30928
110,484,"SC",4.5688,NA,NA,80.04,0.38,1.4045,0.30742
110,485,"CEL",2.2191,NA,NA,80.01,0.6667,1.404,0.6327
110,486,"CEL",2.2097,NA,NA,80.04,0.6698,1.4045,0.63564
110,487,"CEL",2.2028,NA,NA,80.03,0.6718,1.4044,0.63754
111,488,"BK",NA,NA,NA,449.46,NA,6.7063,NA
111,489,"BK",NA,NA,NA,449.37,NA,6.705,NA
111,490,"BK",NA,NA,NA,449.69,NA,6.7098,NA
111,491,"CEL",1.9828,NA,NA,447.69,3.55,6.6799,3.369
111,492,"CEL",2.0293,NA,NA,447.86,3.47,6.6825,3.293
111,493,"CEL",2.0234,NA,NA,451.72,3.51,6.7401,3.331
111,494,"SA",1.9131,NA,NA,446.92,4.22,6.6684,3.4857
111,495,"SA",2.0414,NA,NA,447.52,3.96,6.6774,3.271
111,496,"SA",1.9798,NA,NA,446.07,4.07,6.6558,3.3618
111,497,"SB",2.0541,NA,NA,446.71,3.76,6.6653,3.2449
111,498,"SB",2.0657,NA,NA,448.04,3.75,6.6851,3.2362
111,499,"SB",2.1233,NA,NA,451.93,3.68,6.7432,3.1758
111,500,"SC",4.086,NA,NA,449.73,2.03,6.7104,1.6423
111,501,"SC",4.1101,NA,NA,447.92,2.01,6.6834,1.6261
111,502,"SC",4.0943,NA,NA,448.42,2.02,6.6908,1.6342
112,251,"BK",NA,NA,NA,430,NA,6.7473,NA
112,252,"BK",NA,NA,NA,430,NA,6.7473,NA
112,253,"BK",NA,NA,NA,430,NA,6.7473,NA
112,254,"CEL",2.036,NA,NA,430,3.4921,6.7473,3.314
112,255,"CEL",2.0351,NA,NA,430,3.4937,6.7473,3.3155
112,256,"CEL",2.036,NA,NA,430,3.4921,6.7473,3.314
112,257,"SA",1.833,NA,NA,430,4.4563,6.7473,3.6809
112,258,"SA",1.8296,NA,NA,430,4.4647,6.7473,3.6878
112,259,"SA",1.8276,NA,NA,430,4.4696,6.7473,3.6919
112,260,"SB",1.963,NA,NA,430,3.9829,6.7473,3.4372
112,261,"SB",1.9619,NA,NA,430,3.9852,6.7473,3.4392
112,262,"SB",1.9559,NA,NA,430,3.9973,6.7473,3.4497
112,263,"SC",3.7274,NA,NA,450,2.3416,7.0611,1.8944
112,264,"SC",3.7255,NA,NA,450,2.3428,7.0611,1.8953
112,265,"SC",3.7216,NA,NA,450,2.3453,7.0611,1.8973
113,682,"BK",NA,NA,NA,450.42,NA,7.8925,NA
113,683,"BK",NA,NA,NA,449.97,NA,7.8846,NA
113,684,"BK",NA,NA,NA,450.03,NA,7.8856,NA
113,685,"CEL",1.9016,NA,NA,450.79,4.377,7.8989,4.1538
113,686,"CEL",1.9011,NA,NA,450.23,4.3728,7.8891,4.1498
113,687,"CEL",1.9032,NA,NA,450.87,4.3742,7.9003,4.1511
113,688,"SA",0.95912,NA,NA,450.54,9.9649,7.8946,8.231
113,689,"SA",0.95818,NA,NA,450.01,9.963,7.8853,8.2294
113,690,"SA",0.95833,NA,NA,450.35,9.969,7.8912,8.2344
113,691,"SA",1.9148,NA,NA,450.24,4.988,7.8893,4.1201
113,692,"SA",1.9153,NA,NA,450.24,4.9868,7.8893,4.1191
113,693,"SA",1.9131,NA,NA,449.8,4.9876,7.8816,4.1198
113,694,"SA",3.8211,NA,NA,450.31,2.5,7.8905,2.065
113,695,"SA",3.8407,NA,NA,450.97,2.4909,7.9021,2.0575
113,696,"SA",3.8242,NA,NA,450.23,2.4975,7.8891,2.0629
113,697,"SB",0.95514,NA,NA,450.09,9.5679,7.8867,8.2571
113,698,"SB",0.95562,NA,NA,450.42,9.5701,7.8925,8.259
113,699,"SB",0.95558,NA,NA,450.18,9.5654,7.8883,8.2549
113,700,"SB",1.9103,NA,NA,450.21,4.7852,7.8888,4.1296
113,701,"SB",1.9092,NA,NA,450.06,4.7863,7.8862,4.1306
113,702,"SB",1.9089,NA,NA,450.01,4.7866,7.8853,4.1308
113,703,"SB",3.8265,NA,NA,450.79,2.392,7.8989,2.0643
113,704,"SB",3.8207,NA,NA,450.32,2.3931,7.8907,2.0652
113,705,"SB",3.8255,NA,NA,450.58,2.3915,7.8953,2.0639
113,706,"SC",1.9125,NA,NA,450.53,5.1022,7.8944,4.1277
113,707,"SC",1.9123,NA,NA,450.45,5.102,7.893,4.1275
113,708,"SC",1.9096,NA,NA,450.91,5.1144,7.901,4.1375
113,709,"SC",3.8087,NA,NA,450.88,2.5641,7.9005,2.0744
113,710,"SC",3.8053,NA,NA,450.34,2.5633,7.8911,2.0737
113,711,"SC",3.7993,NA,NA,450.42,2.5678,7.8925,2.0774
114,428,"SA",1.9711,1115.6,710.14,400.15,4.46,7.2615,3.684
114,429,"SA",1.933,1119.4,717.31,396.82,4.51,7.2011,3.7253
114,430,"SA",1.7789,1119.5,715.36,398.38,4.92,7.2294,4.0639
114,431,"BK",Inf,1119,718.01,400.17,0,7.2619,0
114,432,"BK",Inf,1119.5,719.78,398.88,0,7.2385,0
114,433,"BK",Inf,1120.8,718.99,400.86,0,7.2744,0
114,434,"SB",2.0875,1120.5,716.51,399.07,4.02,7.2419,3.4693
114,435,"SB",2.0905,1118.8,715.33,398.65,4.01,7.2343,3.4606
114,436,"SB",2.0377,1122.3,719.11,398.27,4.11,7.2274,3.5469
114,437,"CEL",2.0589,1133.4,730.45,398.38,3.7,7.2294,3.5113
114,438,"CEL",2.0511,1120.8,717.29,399.01,3.72,7.2408,3.5303
114,439,"CEL",1.973,1118.3,713.95,399.31,3.87,7.2463,3.6726
114,440,"SC",3.0238,1128,726.57,397.66,2.95,7.2163,2.3866
114,441,"SC",3.0942,1122.5,718.78,400.03,2.9,7.2593,2.3461
114,442,"SC",3.0334,1119.5,719.59,396.22,2.93,7.1902,2.3704
115,16,"BK",Inf,NA,NA,450,0,7.428,0
115,17,"BK",Inf,NA,NA,450,0,7.428,0
115,18,"BK",Inf,NA,NA,450,0,7.428,0
115,19,"CEL",2.0316,NA,NA,446.18,3.82,7.3649,3.6252
115,20,"CEL",2.0316,NA,NA,446.18,3.82,7.3649,3.6252
115,21,"CEL",2.0316,NA,NA,446.18,3.82,7.3649,3.6252
115,22,"SA",1.9521,NA,NA,445.44,4.56,7.3527,3.7666
115,23,"SA",1.9521,NA,NA,445.44,4.56,7.3527,3.7666
115,24,"SA",1.9521,NA,NA,445.44,4.56,7.3527,3.7666
115,25,"SB",1.9595,NA,NA,445.65,4.35,7.3562,3.754
115,26,"SB",1.9595,NA,NA,445.65,4.35,7.3562,3.754
115,27,"SB",1.9595,NA,NA,445.65,4.35,7.3562,3.754
115,28,"SC",3.9202,NA,NA,447.67,2.33,7.3895,1.885
115,29,"SC",3.9202,NA,NA,447.67,2.33,7.3895,1.885
115,30,"SC",3.9202,NA,NA,447.67,2.33,7.3895,1.885
116,213,"BK",NA,NA,NA,133.93,NA,3.0938,NA
116,214,"SA",2.0812,NA,NA,135.44,1.82,3.1287,1.5033
116,215,"CEL",2.0067,NA,NA,135.2,1.64,3.1231,1.5564
116,216,"BK",NA,NA,NA,135.56,NA,3.1314,NA
116,217,"SA",2.0738,NA,NA,133.48,1.8,3.0834,1.4868
116,218,"BK",NA,NA,NA,136.68,NA,3.1573,NA
116,219,"SA",2.0345,NA,NA,133.86,1.84,3.0922,1.5198
116,220,"SB",2.1689,NA,NA,139.37,1.72,3.2194,1.4844
116,221,"SB",2.0902,NA,NA,135.09,1.73,3.1206,1.493
116,222,"SB",2.0628,NA,NA,133.32,1.73,3.0797,1.493
116,223,"CEL",2.178,NA,NA,140.48,1.57,3.2451,1.4899
116,224,"CEL",2.0548,NA,NA,133.38,1.58,3.0811,1.4994
117,293,"BK",NA,NA,NA,450.74,NA,7.9278,NA
117,294,"BK",NA,NA,NA,450.07,NA,7.916,NA
117,295,"BK",NA,NA,NA,450.23,NA,7.9188,NA
117,296,"CEL",1.7641,NA,NA,450.79,4.736,7.9287,4.4945
117,297,"CEL",1.7628,NA,NA,450.19,4.7333,7.9181,4.4919
117,298,"CEL",1.7626,NA,NA,449.98,4.7315,7.9144,4.4902
117,299,"SA",0.96276,NA,NA,450.47,9.9631,7.9231,8.2295
117,300,"SA",0.96296,NA,NA,450.89,9.9703,7.9304,8.2355
117,301,"SA",0.96398,NA,NA,450.92,9.9604,7.931,8.2273
117,302,"SA",1.9246,NA,NA,450.89,4.9886,7.9304,4.1206
117,303,"SA",1.9246,NA,NA,450.87,4.9884,7.9301,4.1204
117,304,"SA",1.9278,NA,NA,451.26,4.9845,7.9369,4.1172
117,305,"SA",3.8472,NA,NA,450.19,2.4917,7.9181,2.0581
117,306,"SA",3.8418,NA,NA,450.6,2.4975,7.9253,2.0629
117,307,"SA",3.8423,NA,NA,450.03,2.494,7.9153,2.06
117,308,"SB",0.95932,NA,NA,450.25,9.5655,7.9192,8.255
117,309,"SB",0.95951,NA,NA,450.5,9.5689,7.9236,8.258
117,310,"SB",0.96004,NA,NA,450.37,9.5608,7.9213,8.251
117,311,"SB",1.9181,NA,NA,450.03,4.7817,7.9153,4.1266
117,312,"SB",1.9182,NA,NA,450.53,4.7869,7.9241,4.1311
117,313,"SB",1.9175,NA,NA,450.25,4.7857,7.9192,4.1301
117,314,"SB",3.8453,NA,NA,450.8,2.3893,7.9289,2.062
117,315,"SB",3.8301,NA,NA,450.6,2.3977,7.9253,2.0692
117,316,"SB",3.8351,NA,NA,451.2,2.3978,7.9359,2.0693
117,317,"SC",1.9284,NA,NA,451.52,5.0904,7.9415,4.1181
117,318,"SC",1.921,NA,NA,449.93,5.092,7.9136,4.1194
117,319,"SC",1.9238,NA,NA,450.53,5.0915,7.9241,4.119
117,320,"SC",3.8176,NA,NA,450.33,2.5646,7.9206,2.0748
117,321,"SC",3.8396,NA,NA,450.29,2.5497,7.9199,2.0627
117,322,"SC",3.8302,NA,NA,450.18,2.5553,7.918,2.0672
118,89,"BK",NA,NA,NA,450.52,NA,5.9585,NA
118,90,"BK",NA,NA,NA,450.72,NA,5.9611,NA
118,91,"BK",NA,NA,NA,450.3,NA,5.9556,NA
118,92,"CEL",1.7674,NA,NA,442.59,3.49,5.8536,3.312
118,93,"CEL",1.7659,NA,NA,442.22,3.49,5.8487,3.312
118,94,"CEL",1.7429,NA,NA,442.71,3.54,5.8552,3.3595
118,95,"SA",1.8125,NA,NA,447.13,3.95,5.9137,3.2627
118,96,"SA",1.7809,NA,NA,446,4.01,5.8987,3.3123
118,97,"SA",1.828,NA,NA,446.39,3.91,5.9039,3.2297
118,98,"SB",1.8695,NA,NA,448.92,3.68,5.9373,3.1758
118,99,"SB",1.818,NA,NA,446.03,3.76,5.8991,3.2449
118,100,"SB",1.8519,NA,NA,447.1,3.7,5.9133,3.1931
118,101,"SC",3.6019,NA,NA,449.46,2.04,5.9445,1.6504
118,102,"SC",3.4905,NA,NA,448.37,2.1,5.9301,1.6989
118,103,"SC",3.6752,NA,NA,447.36,1.99,5.9167,1.6099
119,398,"BK",Inf,NA,NA,450,0,6.4215,0
119,399,"BK",Inf,NA,NA,450,0,6.4215,0
119,400,"BK",Inf,NA,NA,450,0,6.4215,0
119,401,"CEL",2.0231,NA,NA,446.68,3.32,6.3741,3.1507
119,402,"CEL",2.0231,NA,NA,446.68,3.32,6.3741,3.1507
119,403,"CEL",2.0231,NA,NA,446.68,3.32,6.3741,3.1507
119,404,"SA",2.0232,NA,NA,446.19,3.81,6.3671,3.1471
119,405,"SA",2.0232,NA,NA,446.19,3.81,6.3671,3.1471
119,406,"SA",2.0232,NA,NA,446.19,3.81,6.3671,3.1471
119,407,"SB",2.0333,NA,NA,446.37,3.63,6.3697,3.1327
119,408,"SB",2.0333,NA,NA,446.37,3.63,6.3697,3.1327
119,409,"SB",2.0333,NA,NA,446.37,3.63,6.3697,3.1327
119,410,"SC",4.0529,NA,NA,448.05,1.95,6.3937,1.5776
119,411,"SC",4.0529,NA,NA,448.05,1.95,6.3937,1.5776
119,412,"SC",4.0529,NA,NA,448.05,1.95,6.3937,1.5776
120,590,"BK",NA,NA,NA,133.2,NA,3.0236,NA
120,591,"SA",1.9931,NA,NA,134.17,1.85,3.0457,1.5281
120,592,"SA",2.0687,NA,NA,137,1.82,3.1099,1.5033
120,593,"SA",2.0072,NA,NA,132.2,1.81,3.0009,1.4951
120,594,"CEL",2.0112,NA,NA,132.85,1.58,3.0157,1.4994
120,595,"SB",1.9857,NA,NA,132.11,1.75,2.9989,1.5103
120,596,"SB",2.0219,NA,NA,132.21,1.72,3.0012,1.4844
120,597,"SB",2.0225,NA,NA,133.79,1.74,3.037,1.5016
120,598,"SC",4.0595,NA,NA,177.95,1.23,4.0395,0.99507
120,599,"SC",4.0093,NA,NA,177.18,1.24,4.022,1.0032
120,600,"SC",4.0175,NA,NA,177.54,1.24,4.0302,1.0032
120,601,"CEL",1.9894,NA,NA,132.24,1.59,3.0018,1.5089
120,602,"CEL",1.9761,NA,NA,132.18,1.6,3.0005,1.5184
120,603,"BK",NA,NA,NA,133.08,NA,3.0209,NA
120,604,"BK",NA,NA,NA,135.77,NA,3.082,NA
121,186,"BK",NA,NA,NA,401.4,NA,10.597,NA
121,187,"BK",NA,NA,NA,400.73,NA,10.579,NA
121,188,"BK",NA,NA,NA,403.21,NA,10.644,NA
121,189,"CEL",2.096,NA,NA,402.36,5.34,10.622,5.0677
121,190,"CEL",2.2461,NA,NA,430.36,5.33,11.361,5.0582
121,191,"CEL",2.1126,NA,NA,403.25,5.31,10.646,5.0392
121,192,"SA",2.1017,NA,NA,400.48,6.09,10.572,5.0303
121,193,"SA",2.1133,NA,NA,402.68,6.09,10.631,5.0303
121,194,"SA",2.1013,NA,NA,401.06,6.1,10.588,5.0386
121,195,"SB",2.1328,NA,NA,403,5.78,10.639,4.9881
121,196,"SB",2.1149,NA,NA,401,5.8,10.586,5.0054
121,197,"SB",2.1456,NA,NA,404,5.76,10.665,4.9709
122,575,"BK",Inf,NA,NA,451,0,9.0903,0
122,576,"BK",Inf,NA,NA,450.28,0,9.0758,0
122,577,"BK",Inf,NA,NA,450.56,0,9.0814,0
122,578,"CEL",1.9784,NA,NA,445.25,4.78,8.9744,4.5362
122,579,"CEL",1.9825,NA,NA,445.24,4.77,8.9742,4.5267
122,580,"CEL",1.9807,NA,NA,445.76,4.78,8.9847,4.5362
122,581,"SA",1.9033,NA,NA,444.59,5.7,8.9611,4.7082
122,582,"SA",1.9086,NA,NA,444.27,5.68,8.9546,4.6917
122,583,"SA",1.9061,NA,NA,444.46,5.69,8.9585,4.6999
122,584,"SB",1.9682,NA,NA,444.94,5.28,8.9682,4.5566
122,585,"SB",1.9681,NA,NA,444.92,5.28,8.9678,4.5566
122,586,"SB",1.9641,NA,NA,444.86,5.29,8.9665,4.5653
122,587,"SC",1.9702,NA,NA,444.42,5.62,8.9577,4.5466
122,588,"SC",1.9746,NA,NA,444.61,5.61,8.9615,4.5385
122,589,"SC",1.9732,NA,NA,444.3,5.61,8.9553,4.5385
123,266,"SA",2.0406,NA,606.7,510.74,5.54,9.338,4.576
123,267,"SA",2.0137,NA,627.3,490.35,5.39,8.9652,4.4521
123,268,"SA",1.9487,NA,611,506.21,5.75,9.2552,4.7495
123,269,"SC",3.5749,NA,635.9,484.04,3.06,8.8499,2.4755
123,270,"SC",3.9297,NA,626.3,493.82,2.84,9.0287,2.2976
123,271,"SC",3.9634,NA,611.5,508.58,2.9,9.2986,2.3461
123,272,"BK",NA,NA,625.8,497.22,NA,9.0909,NA
123,273,"BK",NA,NA,632.8,490.17,NA,8.962,NA
123,274,"BK",NA,NA,584,538.96,NA,9.854,NA
123,275,"CEL",3.9008,NA,628.6,492,2.43,8.9954,2.3061
123,276,"CEL",4.0097,NA,633.7,487.01,2.34,8.9042,2.2207
123,277,"CEL",4.148,NA,610.4,510.27,2.37,9.3295,2.2491
130,338,"BK",NA,NA,455,700,0,6.7459,NA
130,339,"BK",NA,NA,455,700,0,6.7459,NA
130,340,"BK",NA,NA,455,700,0,6.7459,NA
130,341,"CEL",2.0421,NA,455,700,3.481,6.7459,3.3035
130,342,"CEL",2.0415,NA,455,700,3.482,6.7459,3.3044
130,343,"CEL",2.0421,NA,455,700,3.481,6.7459,3.3035
130,344,"SA",1.9998,NA,455,700,4.084,6.7459,3.3734
130,345,"SA",2.0002,NA,455,700,4.083,6.7459,3.3726
130,346,"SA",2.0017,NA,455,700,4.08,6.7459,3.3701
130,347,"SB",2.0895,NA,455,700,3.741,6.7459,3.2285
130,348,"SB",2.0895,NA,455,700,3.741,6.7459,3.2285
130,349,"SB",2.0889,NA,455,700,3.742,6.7459,3.2293
130,350,"SC",4.0244,NA,455,700,2.072,6.7459,1.6762
130,351,"SC",4.0225,NA,455,700,2.073,6.7459,1.6771
130,352,"SC",4.0205,NA,455,700,2.074,6.7459,1.6779
131,383,"BK",NA,NA,387.91,73,0,3.9886,NA
131,384,"BK",NA,NA,387.91,73,0,3.9886,NA
131,385,"BK",NA,NA,387.91,73,0,3.9886,NA
131,386,"CEL",2.0019,NA,387.91,73,2.0995,3.9886,1.9924
131,387,"CEL",2.0019,NA,387.91,73,2.0995,3.9886,1.9924
131,388,"CEL",2.0019,NA,387.91,73,2.0995,3.9886,1.9924
131,389,"SA",2.017,NA,387.91,73,2.3941,3.9886,1.9775
131,390,"SA",2.017,NA,387.91,73,2.3941,3.9886,1.9775
131,391,"SA",2.017,NA,387.91,73,2.3941,3.9886,1.9775
131,392,"SB",1.9856,NA,387.91,73,2.3276,3.9886,2.0087
131,393,"SB",1.9856,NA,387.91,73,2.3276,3.9886,2.0087
131,394,"SB",1.9856,NA,387.91,73,2.3276,3.9886,2.0087
131,395,"SC",3.8925,NA,387.91,145,2.5159,7.9226,2.0353
131,396,"SC",3.8925,NA,387.91,145,2.5159,7.9226,2.0353
131,397,"SC",3.8925,NA,387.91,145,2.5159,7.9226,2.0353
132,503,"BK",NA,NA,500,60.47,NA,3.7257,NA
132,504,"BK",NA,NA,500,60.58,NA,3.7325,NA
132,505,"BK",NA,NA,500,60.27,NA,3.7134,NA
132,506,"CEL",4.3456,NA,1010,60.24,0.9,3.7116,0.8541
132,507,"CEL",4.2886,NA,1010,60.11,0.91,3.7036,0.86359
132,508,"CEL",4.2138,NA,1010,60.36,0.93,3.719,0.88257
132,509,"SA",2.1178,NA,1010,60.19,2.12,3.7085,1.7511
132,510,"SA",2.1596,NA,1010,60.51,2.09,3.7282,1.7263
132,511,"SA",2.155,NA,1010,60.38,2.09,3.7202,1.7263
132,512,"SB",2.1869,NA,1010,60.65,1.98,3.7368,1.7087
132,513,"SB",2.1461,NA,1010,60.72,2.02,3.7411,1.7433
132,514,"SB",2.1707,NA,1010,60.2,1.98,3.7091,1.7087
132,515,"SC",4.2628,NA,1010,60.45,1.08,3.7245,0.87372
132,516,"SC",4.3425,NA,1010,60.44,1.06,3.7239,0.85754
132,517,"SC",4.2847,NA,1010,60.76,1.08,3.7436,0.87372
133,620,"BK",NA,NA,NA,1000,NA,17.589,NA
133,621,"CEL",3.8614,NA,NA,1000,4.8,17.589,4.5552
133,622,"SA",1.9184,NA,NA,1000,11.1,17.589,9.1686
133,623,"SB",1.9411,NA,NA,1000,10.5,17.589,9.0615
133,624,"SC",3.8825,NA,NA,1000,5.6,17.589,4.5304
133,625,"BK",NA,NA,NA,1000,NA,17.589,NA
133,626,"CEL",3.8059,NA,NA,1000,4.87,17.589,4.6216
133,627,"SA",1.9359,NA,NA,1000,11,17.589,9.086
133,628,"SB",1.9411,NA,NA,1000,10.5,17.589,9.0615
133,629,"SC",3.8825,NA,NA,1000,5.6,17.589,4.5304
133,630,"BK",NA,NA,NA,1000,NA,17.589,NA
133,631,"CEL",3.8614,NA,NA,1000,4.8,17.589,4.5552
133,632,"SA",1.9359,NA,NA,1000,11,17.589,9.086
133,633,"SB",1.9411,NA,NA,1000,10.5,17.589,9.0615
133,634,"SC",3.7357,NA,NA,1000,5.82,17.589,4.7084
134,458,"BK",NA,NA,NA,400,0,11.052,NA
134,459,"BK",NA,NA,NA,400,0,11.052,NA
134,460,"BK",NA,NA,NA,400,0,11.052,NA
134,461,"CEL",2.9937,NA,NA,400,3.89,11.052,3.6916
134,462,"CEL",2.9937,NA,NA,400,3.89,11.052,3.6916
134,463,"CEL",2.9937,NA,NA,400,3.89,11.052,3.6916
134,464,"SA",1.8179,NA,NA,400,7.36,11.052,6.0794
134,465,"SA",1.8179,NA,NA,400,7.36,11.052,6.0794
134,466,"SA",1.8179,NA,NA,400,7.36,11.052,6.0794
134,467,"SB",1.9763,NA,NA,400,6.48,11.052,5.5922
134,468,"SB",1.9763,NA,NA,400,6.48,11.052,5.5922
134,469,"SB",1.9763,NA,NA,400,6.48,11.052,5.5922
134,470,"SC",4.0061,NA,NA,400,3.41,11.052,2.7587
134,471,"SC",4.0061,NA,NA,400,3.41,11.052,2.7587
134,472,"SC",4.0061,NA,NA,400,3.41,11.052,2.7587
135,353,"BK",NA,NA,NA,261,0,2.5153,NA
135,354,"BK",NA,NA,NA,261,0,2.5153,NA
135,355,"BK",NA,NA,NA,261,0,2.5153,NA
135,356,"CEL",1.9517,NA,NA,261,1.358,2.5153,1.2887
135,357,"CEL",1.9532,NA,NA,261,1.357,2.5153,1.2878
135,358,"CEL",1.9618,NA,NA,261,1.351,2.5153,1.2821
135,359,"SA",1.8797,NA,NA,261,1.62,2.5153,1.3381
135,360,"SA",1.9825,NA,NA,261,1.536,2.5153,1.2687
135,361,"SA",1.9068,NA,NA,261,1.597,2.5153,1.3191
135,362,"SB",1.999,NA,NA,261,1.458,2.5153,1.2583
135,363,"SB",2.0612,NA,NA,261,1.414,2.5153,1.2203
135,364,"SB",1.968,NA,NA,261,1.481,2.5153,1.2781
135,365,"SC",1.9854,NA,NA,261,1.566,2.5153,1.2669
135,366,"SC",1.9867,NA,NA,261,1.565,2.5153,1.2661
135,367,"SC",1.969,NA,NA,261,1.579,2.5153,1.2774
136,43,"CEL",2.1733,NA,387.4,200,2,4.125,1.898
136,44,"CEL",2.1203,NA,397.6,200,2.05,4.125,1.9454
136,45,"CEL",2.1203,NA,385.6,200,2.05,4.125,1.9454
136,46,"BK",NA,NA,384.7,200,0,4.125,NA
136,47,"BK",NA,NA,377.3,200,0,4.125,NA
136,48,"BK",NA,NA,368.7,200,0,4.125,NA
136,49,"SA",2.5095,NA,375.7,200,1.99,4.125,1.6437
136,50,"SA",2.4242,NA,374.2,200,2.06,4.125,1.7016
136,51,"SA",2.3556,NA,369.5,200,2.12,4.125,1.7511
136,52,"SB",2.2129,NA,372.1,200,2.16,4.125,1.8641
136,53,"SB",2.3546,NA,372.2,200,2.03,4.125,1.7519
136,54,"SB",2.2336,NA,386.6,200,2.14,4.125,1.8468
136,55,"SC",2.5752,NA,375.4,200,1.98,4.125,1.6018
136,56,"SC",2.1245,NA,371.5,200,2.4,4.125,1.9416
136,57,"SC",2.5752,NA,378.5,200,1.98,4.125,1.6018
137,548,"SA",1.9335,NA,336.08,168,2.5,3.9927,2.065
137,549,"SA",1.9335,NA,344.08,168,2.5,3.9927,2.065
137,550,"SA",1.9335,NA,334.77,168,2.5,3.9927,2.065
137,551,"SB",2.0115,NA,345.27,168,2.3,3.9927,1.9849
137,552,"SB",2.0115,NA,341.2,168,2.3,3.9927,1.9849
137,553,"SB",2.0115,NA,346.09,168,2.3,3.9927,1.9849
137,554,"SC",4.1128,NA,337.88,168,1.2,3.9927,0.9708
137,555,"SC",4.1128,NA,344.99,168,1.2,3.9927,0.9708
137,556,"SC",4.1128,NA,340.76,168,1.2,3.9927,0.9708
137,557,"CEL",2.0035,NA,335.76,168,2.1,3.9927,1.9929
137,558,"CEL",2.0035,NA,331.25,168,2.1,3.9927,1.9929
137,559,"CEL",2.0035,NA,338.51,168,2.1,3.9927,1.9929
137,560,"BK",NA,NA,337.78,168,0,3.9927,NA
137,561,"BK",NA,NA,337.29,168,0,3.9927,NA
137,562,"BK",NA,NA,335.36,168,0,3.9927,NA
138,31,"SA",1.4867,NA,186.76,380.43,1.01,1.2403,0.83426
138,32,"SA",1.4724,NA,194.14,373.06,1,1.2162,0.826
138,33,"SA",1.533,NA,194.36,372.88,0.96,1.2156,0.79296
138,34,"SB",1.2986,NA,195.86,371.26,1.08,1.2104,0.93204
138,35,"SB",1.3777,NA,180.57,386.57,1.06,1.2603,0.91478
138,36,"SB",1.498,NA,202.46,364.82,0.92,1.1894,0.79396
138,37,"BK",NA,NA,204.94,363.26,0,1.1843,NA
138,38,"BK",NA,NA,193.03,375.17,0,1.2231,NA
138,39,"BK",NA,NA,191.2,377,0,1.2291,NA
138,40,"CEL",1.2628,NA,195.86,371.26,1.01,1.2104,0.95849
138,41,"CEL",1.054,NA,180.57,386.57,1.26,1.2603,1.1957
138,42,"CEL",0.97913,NA,202.46,364.82,1.28,1.1894,1.2147
139,278,"BK",NA,NA,NA,199.04,0,4.4725,NA
139,279,"SC",4.2202,NA,NA,199.04,1.31,4.4725,1.0598
139,280,"BK",NA,NA,NA,199.04,0,4.4725,NA
139,281,"CEL",1.7988,NA,NA,199.04,2.62,4.4725,2.4864
139,282,"SA",2.0667,NA,NA,199.04,2.62,4.4725,2.1641
139,283,"SB",1.9781,NA,NA,199.04,2.62,4.4725,2.2611
139,284,"SC",4.2202,NA,NA,199.04,1.31,4.4725,1.0598
139,285,"CEL",1.7988,NA,NA,199.04,2.62,4.4725,2.4864
139,286,"SA",2.0667,NA,NA,199.04,2.62,4.4725,2.1641
139,287,"SB",1.9781,NA,NA,199.04,2.62,4.4725,2.2611
139,288,"SC",4.2202,NA,NA,199.04,1.31,4.4725,1.0598
139,289,"BK",NA,NA,NA,199.04,0,4.4725,NA
139,290,"CEL",1.7988,NA,NA,199.04,2.62,4.4725,2.4864
139,291,"SA",2.0667,NA,NA,199.04,2.62,4.4725,2.1641
139,292,"SB",1.9781,NA,NA,199.04,2.62,4.4725,2.2611
140,58,"BK",NA,NA,NA,400,0,8.9256,NA
140,59,"BK",NA,NA,NA,400,0,8.9256,NA
140,60,"BK",NA,NA,NA,400,0,8.9256,NA
140,61,"CEL",3.0145,NA,NA,400,3.12,8.9256,2.9609
140,62,"CEL",3.0145,NA,NA,400,3.12,8.9256,2.9609
140,63,"CEL",3.0145,NA,NA,400,3.12,8.9256,2.9609
140,64,"SA",1.99,NA,NA,400,5.43,8.9256,4.4852
140,65,"SA",1.99,NA,NA,400,5.43,8.9256,4.4852
140,66,"SA",1.99,NA,NA,400,5.43,8.9256,4.4852
140,67,"SB",2.0005,NA,NA,400,5.17,8.9256,4.4617
140,68,"SB",2.0005,NA,NA,400,5.17,8.9256,4.4617
140,69,"SB",2.0005,NA,NA,400,5.17,8.9256,4.4617
140,70,"SC",3.9687,NA,NA,400,2.78,8.9256,2.249
140,71,"SC",3.9687,NA,NA,400,2.78,8.9256,2.249
140,72,"SC",3.9687,NA,NA,400,2.78,8.9256,2.249
141,1,"BK",NA,NA,387.91,73,0,3.9885,NA
141,2,"BK",NA,NA,387.91,73,0,3.9885,NA
141,3,"BK",NA,NA,387.91,73,0,3.9885,NA
141,4,"CEL",2.0018,NA,387.91,73,2.0995,3.9885,1.9924
141,5,"CEL",2.0018,NA,387.91,73,2.0995,3.9885,1.9924
141,6,"CEL",2.0018,NA,387.91,73,2.0995,3.9885,1.9924
141,7,"SA",2.0169,NA,387.91,73,2.3941,3.9885,1.9775
141,8,"SA",2.0169,NA,387.91,73,2.3941,3.9885,1.9775
141,9,"SA",2.0169,NA,387.91,73,2.3941,3.9885,1.9775
141,10,"SB",1.9856,NA,387.91,73,2.3276,3.9885,2.0087
141,11,"SB",1.9856,NA,387.91,73,2.3276,3.9885,2.0087
141,12,"SB",1.9856,NA,387.91,73,2.3276,3.9885,2.0087
141,13,"SC",3.8924,NA,387.91,145,2.5159,7.9224,2.0353
141,14,"SC",3.8924,NA,387.91,145,2.5159,7.9224,2.0353
141,15,"SC",3.8924,NA,387.91,145,2.5159,7.9224,2.0353
142,413,"SA",1.5871,NA,189.39,378.7,0.91,1.193,0.75166
142,414,"SA",1.3649,NA,177.8,390.11,1.09,1.2289,0.90034
142,415,"SA",1.3241,NA,175.56,392.31,1.13,1.2358,0.93338
142,416,"SB",1.285,NA,166.55,401.31,1.14,1.2642,0.98382
142,417,"SB",1.2812,NA,192.37,375.56,1.07,1.1831,0.92341
142,418,"SB",1.3788,NA,194.06,373.95,0.99,1.178,0.85437
142,419,"BK",NA,NA,194.18,374.82,0,1.1807,NA
142,420,"BK",NA,NA,192.06,376.94,0,1.1874,NA
142,421,"BK",NA,NA,195.93,373.07,0,1.1752,NA
142,422,"SC",1.3443,NA,181.23,386.65,1.12,1.218,0.90608
142,423,"SC",1.4682,NA,183.4,384.58,1.02,1.2115,0.82518
142,424,"SC",1.5774,NA,183.22,384.83,0.95,1.2123,0.76855
142,425,"CEL",1.2298,NA,212.37,355.67,0.96,1.1204,0.91104
142,426,"CEL",1.1739,NA,186,381.92,1.08,1.2031,1.0249
142,427,"CEL",1.2044,NA,190.61,377.35,1.04,1.1887,0.98696
143,111,"BK",NA,NA,500,60.01,NA,3.4525,NA
143,112,"BK",NA,NA,500,60.02,NA,3.4531,NA
143,113,"BK",NA,NA,500,60.1,NA,3.4577,NA
143,114,"CEL",4.0537,NA,1010,60.18,0.9,3.4623,0.8541
143,115,"CEL",4.0807,NA,1010,60.58,0.9,3.4853,0.8541
143,116,"CEL",4.0598,NA,1010,60.27,0.9,3.4675,0.8541
143,117,"SA",2.0246,NA,1010,60.17,2.07,3.4617,1.7098
143,118,"SA",2.0216,NA,1010,60.08,2.07,3.4565,1.7098
143,119,"SA",2.0327,NA,1010,60.41,2.07,3.4755,1.7098
143,120,"SB",2.0205,NA,1010,60.01,1.98,3.4525,1.7087
143,121,"SB",2.0208,NA,1010,60.02,1.98,3.4531,1.7087
143,122,"SB",2.0157,NA,1010,60.17,1.99,3.4617,1.7174
143,123,"SC",4.0664,NA,1010,60.04,1.05,3.4542,0.84945
143,124,"SC",4.0502,NA,1010,60.37,1.06,3.4732,0.85754
143,125,"SC",4.0037,NA,1010,60.24,1.07,3.4657,0.86563
144,225,"SA",2.0889,NA,0.826,1000.2,18.04,31.127,14.901
144,226,"SA",2.0866,NA,0.823,1000.2,18.06,31.127,14.918
144,227,"SA",2.083,NA,0.834,1000.1,18.09,31.125,14.942
144,228,"SB",2.0024,NA,0.85,1000,18.01,31.123,15.543
144,229,"SB",2.0013,NA,0.826,1000,18.02,31.123,15.551
144,230,"SC",4.2556,NA,0.857,1000,9.04,31.123,7.3134
144,231,"SC",4.237,NA,0.874,1000,9.08,31.124,7.3457
144,232,"SC",4.228,NA,0.85,1000.1,9.1,31.126,7.3619
144,233,"BK",NA,NA,0.86,1000,0,31.123,NA
144,234,"BK",NA,NA,0.865,1000,0,31.123,NA
144,235,"BK",NA,NA,0.863,1000,0,31.123,NA
145,443,"CEL",2.179,NA,372.05,200,2.05,4.2392,1.9454
145,444,"CEL",2.2224,NA,367.73,200,2.01,4.2392,1.9075
145,445,"CEL",2.2224,NA,370.69,200,2.01,4.2392,1.9075
145,446,"BK",NA,NA,441.89,200,0,4.2392,NA
145,447,"BK",NA,NA,374.17,200,0,4.2392,NA
145,448,"BK",NA,NA,334.46,200,0,4.2392,NA
145,449,"SA",2.4674,NA,360.24,200,2.08,4.2392,1.7181
145,450,"SA",2.4793,NA,361.45,200,2.07,4.2392,1.7098
145,451,"SA",2.4674,NA,360.75,200,2.08,4.2392,1.7181
145,452,"SB",2.4561,NA,366.76,200,2,4.2392,1.726
145,453,"SB",2.4439,NA,361.54,200,2.01,4.2392,1.7346
145,454,"SB",2.4079,NA,375.06,200,2.04,4.2392,1.7605
145,455,"SC",2.5687,NA,357.84,200,2.04,4.2392,1.6504
145,456,"SC",2.5437,NA,363.02,200,2.06,4.2392,1.6665
145,457,"SC",2.5437,NA,357.32,200,2.06,4.2392,1.6665
146,104,"BK",NA,NA,0,50.03,0,1.5443,NA
146,105,"BK",NA,NA,0,50.04,0,1.5446,NA
146,106,"BK",NA,NA,0,50.03,0,1.5443,NA
146,107,"SA",2.3583,NA,0,30.04,0.476,0.92723,0.39318
146,108,"SA",2.3701,NA,0,30,0.473,0.926,0.3907
146,109,"SB",2.3373,NA,0,30.06,0.46,0.92785,0.39698
146,110,"SB",2.3326,NA,0,30,0.46,0.926,0.39698
147,668,"SC",4.2596,NA,NA,200.9,1.31,4.5143,1.0598
147,669,"BK",NA,NA,NA,190.3,0,4.2761,NA
147,670,"CEL",1.7347,NA,NA,191.95,2.62,4.3132,2.4864
147,671,"SA",1.8498,NA,NA,178.15,2.62,4.0031,2.1641
147,672,"SB",2.0264,NA,NA,203.9,2.62,4.5817,2.2611
147,673,"SC",4.1377,NA,NA,195.15,1.31,4.3851,1.0598
147,674,"CEL",1.7948,NA,NA,198.6,2.62,4.4626,2.4864
147,675,"SA",2.1286,NA,NA,205,2.62,4.6065,2.1641
147,676,"SB",1.9593,NA,NA,197.15,2.62,4.4301,2.2611
147,677,"SC",4.1844,NA,NA,197.35,1.31,4.4346,1.0598
147,678,"BK",NA,NA,NA,186,0,4.1795,NA
147,679,"CEL",1.7076,NA,NA,188.95,2.62,4.2458,2.4864
147,680,"SA",2.1068,NA,NA,202.9,2.62,4.5593,2.1641
147,681,"SB",1.998,NA,NA,201.05,2.62,4.5177,2.2611
148,605,"SA",1.9791,NA,0.721,1000,20.02,32.728,16.537
148,606,"SA",1.9781,NA,0.732,1000.5,20.04,32.744,16.553
148,607,"SA",1.9791,NA,0.72,1000,20.02,32.728,16.537
148,608,"SB",1.8966,NA,0.72,1000.2,20,32.735,17.26
148,609,"SB",1.8914,NA,0.722,1000,20.05,32.728,17.303
148,610,"SB",1.8983,NA,0.746,1001.6,20.01,32.782,17.269
148,611,"SC",4.0428,NA,0.769,1000.3,10.01,32.739,8.0981
148,612,"SC",4.0381,NA,0.728,1000.2,10.02,32.734,8.1062
148,613,"SC",4.0385,NA,0.757,1000.3,10.02,32.737,8.1062
148,614,"BK",NA,NA,0.74,1000,0,32.728,NA
148,615,"BK",NA,NA,0.753,1000,0,32.728,NA
148,616,"BK",NA,NA,0.753,1000.2,0,32.735,NA
148,617,"CEL",2.0286,NA,0.733,1000,17,32.728,16.133
148,618,"CEL",2.0274,NA,0.735,1000,17.01,32.728,16.142
148,619,"CEL",2.0274,NA,0.725,1000,17.01,32.728,16.142
149,518,"BK",NA,NA,NA,400,0,10.916,NA
149,519,"BK",NA,NA,NA,400,0,10.916,NA
149,520,"BK",NA,NA,NA,400,0,10.916,NA
149,521,"CEL",3.0113,NA,NA,400,3.82,10.916,3.6252
149,522,"CEL",3.0113,NA,NA,400,3.82,10.916,3.6252
149,523,"CEL",3.0113,NA,NA,400,3.82,10.916,3.6252
149,524,"SA",1.8305,NA,NA,400,7.22,10.916,5.9637
149,525,"SA",1.8305,NA,NA,400,7.22,10.916,5.9637
149,526,"SA",1.8305,NA,NA,400,7.22,10.916,5.9637
149,527,"SB",1.8602,NA,NA,400,6.8,10.916,5.8684
149,528,"SB",1.8602,NA,NA,400,6.8,10.916,5.8684
149,529,"SB",1.8602,NA,NA,400,6.8,10.916,5.8684
149,530,"SC",3.8887,NA,NA,400,3.47,10.916,2.8072
149,531,"SC",3.8887,NA,NA,400,3.47,10.916,2.8072
149,532,"SC",3.8887,NA,NA,400,3.47,10.916,2.8072
150,727,"BK",NA,NA,NA,450,0,7.24,NA
150,728,"BK",NA,NA,NA,450,0,7.24,NA
150,729,"BK",NA,NA,NA,450,0,7.24,NA
150,730,"CEL",1.979,NA,NA,450,3.855,7.24,3.6584
150,731,"CEL",1.9785,NA,NA,450,3.856,7.24,3.6593
150,732,"CEL",1.9764,NA,NA,450,3.86,7.24,3.6631
150,733,"SA",2.003,NA,NA,450,4.376,7.24,3.6146
150,734,"SA",2.0016,NA,NA,450,4.379,7.24,3.6171
150,735,"SA",1.9957,NA,NA,450,4.392,7.24,3.6278
150,736,"SB",1.9951,NA,NA,450,4.205,7.24,3.6289
150,737,"SB",1.9597,NA,NA,450,4.281,7.24,3.6945
150,738,"SB",1.9941,NA,NA,450,4.207,7.24,3.6306
150,739,"SC",2.0003,NA,NA,450,4.474,7.24,3.6195
150,740,"SC",2.0238,NA,NA,450,4.422,7.24,3.5774
150,741,"SC",2.012,NA,NA,450,4.448,7.24,3.5984
151,742,"BK",NA,NA,455,600,0,9.6533,NA
151,743,"BK",NA,NA,455,600,0,9.6533,NA
151,744,"BK",NA,NA,455,600,0,9.6533,NA
151,745,"CEL",1.9836,NA,455,600,5.128,9.6533,4.8665
151,746,"CEL",1.9844,NA,455,600,5.126,9.6533,4.8646
151,747,"CEL",1.9775,NA,455,600,5.144,9.6533,4.8817
151,748,"SA",1.9981,NA,455,600,5.849,9.6533,4.8313
151,749,"SA",1.9967,NA,455,600,5.853,9.6533,4.8346
151,750,"SA",1.9943,NA,455,600,5.86,9.6533,4.8404
151,751,"SB",1.9882,NA,455,600,5.626,9.6533,4.8552
151,752,"SB",1.9879,NA,455,600,5.627,9.6533,4.8561
151,753,"SB",1.9893,NA,455,600,5.623,9.6533,4.8526
151,754,"SC",4.0258,NA,455,600,2.964,9.6533,2.3979
151,755,"SC",4.0285,NA,455,600,2.962,9.6533,2.3963
151,756,"SC",4.0299,NA,455,600,2.961,9.6533,2.3954
152,368,"BK",NA,NA,NA,100,0,3.1033,NA
152,369,"BK",NA,NA,NA,100,0,3.1033,NA
152,370,"BK",NA,NA,NA,100,0,3.1033,NA
152,371,"CEL",2.0157,NA,NA,100,1.6223,3.1033,1.5396
152,372,"CEL",1.9259,NA,NA,100,1.698,3.1033,1.6114
152,373,"CEL",1.9723,NA,NA,100,1.658,3.1033,1.5734
152,374,"SA",2.0308,NA,NA,100,1.85,3.1033,1.5281
152,375,"SA",2.0876,NA,NA,100,1.7997,3.1033,1.4866
152,376,"SA",2.0837,NA,NA,100,1.8031,3.1033,1.4894
152,377,"SB",2.0809,NA,NA,100,1.7281,3.1033,1.4914
152,378,"SB",2.0689,NA,NA,100,1.7381,3.1033,1.5
152,379,"SB",2.1074,NA,NA,100,1.7064,3.1033,1.4726
152,380,"SC",4.1009,NA,NA,100,0.9354,3.1033,0.75674
152,381,"SC",3.9909,NA,NA,100,0.9612,3.1033,0.77761
152,382,"SC",4.1709,NA,NA,100,0.9197,3.1033,0.74404
153,171,"SA",1.9458,NA,341.3,147,2.5,4.018,2.065
153,172,"SA",1.9458,NA,338.1,147,2.5,4.018,2.065
153,173,"SA",1.9458,NA,336.2,147,2.5,4.018,2.065
153,174,"SB",3.7483,NA,337.1,147,1.2421,4.018,1.072
153,175,"SB",3.7483,NA,340.2,147,1.2421,4.018,1.072
153,176,"SB",3.7483,NA,335.5,147,1.2421,4.018,1.072
153,177,"SC",2.3429,NA,343.3,147,2.1198,4.018,1.7149
153,178,"SC",2.3429,NA,343,147,2.1198,4.018,1.7149
153,179,"SC",2.3429,NA,342.5,147,2.1198,4.018,1.7149
153,180,"CEL",2.0162,NA,335.8,147,2.1,4.018,1.9929
153,181,"CEL",2.0162,NA,337.9,147,2.1,4.018,1.9929
153,182,"CEL",2.0162,NA,339.1,147,2.1,4.018,1.9929
153,183,"BK",NA,NA,342.8,147,0,4.018,NA
153,184,"BK",NA,NA,358,147,0,4.018,NA
153,185,"BK",NA,NA,337.8,147,0,4.018,NA
154,126,"BK",NA,NA,NA,400,0,8.9256,NA
154,127,"BK",NA,NA,NA,400,0,8.9256,NA
154,128,"BK",NA,NA,NA,400,0,8.9256,NA
154,129,"CEL",3.0242,NA,NA,400,3.11,8.9256,2.9514
154,130,"CEL",3.0242,NA,NA,400,3.11,8.9256,2.9514
154,131,"CEL",3.0242,NA,NA,400,3.11,8.9256,2.9514
154,132,"SA",1.9791,NA,NA,400,5.46,8.9256,4.51
154,133,"SA",1.9791,NA,NA,400,5.46,8.9256,4.51
154,134,"SA",1.9791,NA,NA,400,5.46,8.9256,4.51
154,135,"SB",2.0005,NA,NA,400,5.17,8.9256,4.4617
154,136,"SB",2.0005,NA,NA,400,5.17,8.9256,4.4617
154,137,"SB",2.0005,NA,NA,400,5.17,8.9256,4.4617
154,138,"SC",3.9687,NA,NA,400,2.78,8.9256,2.249
154,139,"SC",3.9687,NA,NA,400,2.78,8.9256,2.249
154,140,"SC",3.9687,NA,NA,400,2.78,8.9256,2.249
155,141,"SA",1.7537,NA,NA,500,6.26,9.0677,5.1708
155,142,"SA",1.7537,NA,NA,500,6.26,9.0677,5.1708
155,143,"SA",1.7537,NA,NA,500,6.26,9.0677,5.1708
155,144,"SB",1.7367,NA,NA,500,6.05,9.0677,5.2212
155,145,"SB",1.7367,NA,NA,500,6.05,9.0677,5.2212
155,146,"SB",1.7367,NA,NA,500,6.05,9.0677,5.2212
155,147,"BK",NA,NA,NA,500,NA,9.0677,NA
155,148,"BK",NA,NA,NA,500,NA,9.0677,NA
155,149,"BK",NA,NA,NA,500,NA,9.0677,NA
155,150,"SC",3.4701,NA,NA,500,3.23,9.0677,2.6131
155,151,"SC",3.4701,NA,NA,500,3.23,9.0677,2.6131
155,152,"SC",3.4701,NA,NA,500,3.23,9.0677,2.6131
155,153,"CEL",3.3644,NA,NA,500,2.84,9.0677,2.6952
155,154,"CEL",3.3644,NA,NA,500,2.84,9.0677,2.6952
155,155,"CEL",3.3644,NA,NA,500,2.84,9.0677,2.6952
156,236,"BK",NA,NA,NA,1000,NA,16.457,NA
156,237,"SC",3.5074,NA,NA,1000,5.8,16.457,4.6922
156,238,"SC",3.5074,NA,NA,1000,5.8,16.457,4.6922
156,239,"CEL",3.4684,NA,NA,1000,5,16.457,4.745
156,240,"SA",1.7632,NA,NA,1000,11.3,16.457,9.3338
156,241,"SC",3.5074,NA,NA,1000,5.8,16.457,4.6922
156,242,"CEL",3.4684,NA,NA,1000,5,16.457,4.745
156,243,"SB",1.7657,NA,NA,1000,10.8,16.457,9.3204
156,244,"BK",NA,NA,NA,1000,NA,16.457,NA
156,245,"CEL",3.4138,NA,NA,1000,5.08,16.457,4.8209
156,246,"SA",1.7632,NA,NA,1000,11.3,16.457,9.3338
156,247,"SB",1.7657,NA,NA,1000,10.8,16.457,9.3204
156,248,"BK",NA,NA,NA,1000,NA,16.457,NA
156,249,"SA",1.6942,NA,NA,1000,11.76,16.457,9.7138
156,250,"SB",1.7479,NA,NA,1000,10.91,16.457,9.4153
201,1663,"BK",NA,NA,NA,400,NA,4.9264,NA
201,1664,"BK",NA,NA,NA,400,NA,4.9264,NA
201,1665,"BK",NA,NA,NA,400,NA,4.9264,NA
201,1666,"SC",1.9991,NA,NA,400,3.02,4.9264,2.4643
201,1667,"SC",1.9991,NA,NA,400,3.02,4.9264,2.4643
201,1668,"SC",1.9991,NA,NA,400,3.02,4.9264,2.4643
201,1669,"CEL",2.0065,NA,NA,400,2.48,4.9264,2.4552
201,1670,"CEL",2.0065,NA,NA,400,2.48,4.9264,2.4552
201,1671,"CEL",2.0065,NA,NA,400,2.48,4.9264,2.4552
202,975,"SC",2.8085,NA,NA,30.02,0.399,0.91441,0.32558
202,976,"SC",2.7806,NA,NA,30.02,0.403,0.91441,0.32885
202,977,"SC",2.8006,NA,NA,30.01,0.4,0.91411,0.3264
202,978,"SC",2.8104,NA,NA,30.04,0.399,0.91502,0.32558
202,979,"SC",2.7945,NA,NA,30.02,0.401,0.91441,0.32722
202,980,"SD",2.6384,NA,NA,30.01,0.401,0.91411,0.34646
202,981,"SD",2.6525,NA,NA,30.02,0.399,0.91441,0.34474
202,982,"SD",2.66,NA,NA,30.03,0.398,0.91472,0.34387
202,983,"SD",2.6441,NA,NA,30,0.4,0.9138,0.3456
202,984,"SD",2.6205,NA,NA,30.03,0.404,0.91472,0.34906
202,985,"BK",Inf,NA,NA,50.04,0,1.5242,0
202,986,"BK",Inf,NA,NA,50.04,0,1.5242,0
202,987,"BK",Inf,NA,NA,50.05,0,1.5245,0
202,988,"CEL",2.3149,NA,NA,30.02,0.399,0.91441,0.39501
202,989,"CEL",2.3076,NA,NA,30,0.4,0.9138,0.396
202,990,"CEL",2.2976,NA,NA,30.02,0.402,0.91441,0.39798
202,991,"CEL",2.3099,NA,NA,30.03,0.4,0.91472,0.396
202,992,"CEL",2.2969,NA,NA,30.01,0.402,0.91411,0.39798
202,993,"CEL",2.3026,NA,NA,30.01,0.401,0.91411,0.39699
203,1481,"SC",1.9014,NA,NA,52.013,0.59,0.91542,0.48144
203,1482,"SC",1.9014,NA,NA,52.013,0.59,0.91542,0.48144
203,1483,"SC",1.9014,NA,NA,52.013,0.59,0.91542,0.48144
203,1484,"BK",NA,NA,NA,52.013,NA,0.91542,NA
203,1485,"SD",1.0091,NA,NA,52.013,1.05,0.91542,0.9072
203,1486,"SD",1.0091,NA,NA,52.013,1.05,0.91542,0.9072
203,1487,"SD",1.0091,NA,NA,52.013,1.05,0.91542,0.9072
203,1488,"CEL",2.0102,NA,NA,52.013,0.46,0.91542,0.4554
203,1489,"CEL",2.0102,NA,NA,52.013,0.46,0.91542,0.4554
203,1490,"CEL",2.0102,NA,NA,52.013,0.46,0.91542,0.4554
203,1491,"BK",NA,NA,NA,52.013,NA,0.91542,NA
203,1492,"BK",NA,NA,NA,52.013,NA,0.91542,NA
204,1433,"BK",NA,NA,NA,480,NA,7.8384,NA
204,1434,"BK",NA,NA,NA,480,NA,7.8384,NA
204,1435,"BK",NA,NA,NA,480,NA,7.8384,NA
204,1436,"SC",2.4319,NA,NA,480,3.95,7.8384,3.2232
204,1437,"SC",2.3783,NA,NA,480,4.039,7.8384,3.2958
204,1438,"SC",2.4549,NA,NA,480,3.913,7.8384,3.193
204,1439,"CEL",2.4566,NA,NA,480,3.223,7.8384,3.1908
204,1440,"CEL",2.3003,NA,NA,480,3.442,7.8384,3.4076
204,1441,"CEL",2.3522,NA,NA,480,3.366,7.8384,3.3323
204,1442,"SD",1.1799,NA,NA,480,7.689,7.8384,6.6433
204,1443,"SD",1.1738,NA,NA,480,7.729,7.8384,6.6779
204,1444,"SD",1.1715,NA,NA,480,7.744,7.8384,6.6908
205,837,"BK",NA,NA,175.81,393.19,NA,1.103,NA
205,838,"BK",NA,NA,174.04,394.96,NA,1.108,NA
205,839,"BK",NA,NA,173.49,395.51,NA,1.1095,NA
205,840,"SC",1.8918,NA,177.6,390.69,0.71,1.096,0.57936
205,841,"SC",1.8858,NA,167.84,400.43,0.73,1.1233,0.59568
205,842,"SC",1.833,NA,173.72,394.54,0.74,1.1068,0.60384
205,843,"CEL",1.882,NA,169.91,398.49,0.6,1.1179,0.594
205,844,"CEL",1.8474,NA,164.17,404.21,0.62,1.1339,0.6138
205,845,"CEL",1.8457,NA,177.59,390.81,0.6,1.0964,0.594
205,846,"SD",1.7992,NA,169.32,398.96,0.72,1.1192,0.62208
205,847,"SD",1.8346,NA,167.12,401.17,0.71,1.1254,0.61344
205,848,"SD",1.7395,NA,177.18,391.09,0.73,1.0971,0.63072
206,1279,"SC",1.9836,NA,NA,1001.7,20,32.372,16.32
206,1280,"SC",1.9784,NA,NA,1000.1,20.02,32.319,16.336
206,1281,"SC",1.9805,NA,NA,1000.7,20.01,32.338,16.328
206,1282,"SD",1.0108,NA,NA,1000.2,37.01,32.322,31.977
206,1283,"SD",1.0111,NA,NA,1000.2,37,32.322,31.968
206,1284,"SD",1.0109,NA,NA,1000,37,32.317,31.968
206,1285,"BK",NA,NA,NA,1000,NA,32.318,NA
206,1286,"BK",NA,NA,NA,1000.3,NA,32.325,NA
206,1287,"BK",NA,NA,NA,1000.2,NA,32.321,NA
206,1288,"CEL",1.9181,NA,NA,1000.1,17.02,32.319,16.85
206,1289,"CEL",1.9204,NA,NA,1000.1,17,32.32,16.83
206,1290,"CEL",1.9212,NA,NA,1000.5,17,32.333,16.83
207,1562,"BK",Inf,NA,NA,400,0,6.1543,0
207,1563,"SC",1.9817,NA,NA,396.23,3.77,6.0963,3.0763
207,1564,"SD",0.99255,NA,NA,392.95,7.05,6.0458,6.0912
207,1565,"SD",0.99255,NA,NA,392.95,7.05,6.0458,6.0912
207,1566,"SD",0.99255,NA,NA,392.95,7.05,6.0458,6.0912
207,1567,"SD",0.99255,NA,NA,392.95,7.05,6.0458,6.0912
207,1568,"BK",Inf,NA,NA,400,0,6.1543,0
207,1569,"BK",Inf,NA,NA,400,0,6.1543,0
207,1570,"BK",Inf,NA,NA,400,0,6.1543,0
207,1571,"CEL",3.9951,NA,NA,398.45,1.55,6.1305,1.5345
207,1572,"CEL",3.9951,NA,NA,398.45,1.55,6.1305,1.5345
207,1573,"CEL",3.9951,NA,NA,398.45,1.55,6.1305,1.5345
207,1574,"SC",1.9817,NA,NA,396.23,3.77,6.0963,3.0763
207,1575,"SC",1.9817,NA,NA,396.23,3.77,6.0963,3.0763
208,1576,"BK",Inf,NA,NA,400,0,4.7037,0
208,1577,"CEL",2.0273,NA,NA,397.67,2.33,4.6763,2.3067
208,1578,"CEL",2.0273,NA,NA,397.67,2.33,4.6763,2.3067
208,1579,"CEL",2.0273,NA,NA,397.67,2.33,4.6763,2.3067
208,1580,"BK",Inf,NA,NA,400,0,4.7037,0
208,1581,"BK",Inf,NA,NA,400,0,4.7037,0
208,1582,"SC",2.0082,NA,NA,397.15,2.85,4.6702,2.3256
208,1583,"SC",2.0082,NA,NA,397.15,2.85,4.6702,2.3256
208,1584,"SC",2.0082,NA,NA,397.15,2.85,4.6702,2.3256
208,1585,"SD",1.004,NA,NA,394.65,5.35,4.6408,4.6224
208,1586,"SD",1.004,NA,NA,394.65,5.35,4.6408,4.6224
208,1587,"SD",1.004,NA,NA,394.65,5.35,4.6408,4.6224
209,1327,"BK",NA,NA,NA,250.05,0,4.1595,NA
209,1328,"BK",NA,NA,NA,250.01,0,4.1588,NA
209,1329,"BK",NA,NA,NA,250.04,0,4.1593,NA
209,1330,"CEL",1.9143,NA,NA,250.04,2.1947,4.1593,2.1728
209,1331,"CEL",1.9141,NA,NA,250.04,2.1949,4.1593,2.173
209,1332,"CEL",1.915,NA,NA,250.05,2.194,4.1595,2.1721
209,1333,"SC",1.9335,NA,NA,250.03,2.6361,4.1591,2.1511
209,1334,"SC",1.9338,NA,NA,250.05,2.6359,4.1595,2.1509
209,1335,"SC",1.9334,NA,NA,250.02,2.6362,4.159,2.1511
210,1210,"BK",Inf,NA,NA,774.83,0,9.1947,0
210,1211,"SC",2.0144,NA,NA,765.11,5.5236,9.0794,4.5073
210,1212,"SC",2.0166,NA,NA,764.62,5.514,9.0735,4.4994
210,1213,"SC",2.0148,NA,NA,765,5.5218,9.0781,4.5058
210,1214,"BK",Inf,NA,NA,770.11,0,9.1387,0
210,1215,"BK",Inf,NA,NA,771.09,0,9.1503,0
210,1216,"BK",Inf,NA,NA,773.32,0,9.1768,0
210,1217,"CEL",2.0012,NA,NA,766.28,4.5897,9.0932,4.5438
210,1218,"CEL",2.0016,NA,NA,765.7,4.5854,9.0864,4.5395
210,1219,"CEL",1.9999,NA,NA,765.65,4.5891,9.0858,4.5432
210,1220,"CEL",2.0017,NA,NA,765.73,4.5854,9.0867,4.5395
210,1221,"SC",2.0167,NA,NA,764.52,5.513,9.0724,4.4986
211,1615,"BK",NA,NA,440.39,447.09,NA,8.7796,NA
211,1616,"SD",1.674,NA,440.36,447.07,6.07,8.7793,5.2445
211,1617,"SD",1.6731,NA,439.17,448.31,6.09,8.8036,5.2618
211,1618,"SD",1.6771,NA,440.24,447.16,6.06,8.781,5.2358
211,1619,"BK",NA,NA,440.27,447.05,NA,8.7789,NA
211,1620,"BK",NA,NA,439.91,447.14,NA,8.7806,NA
211,1621,"CEL",3.5907,NA,440.35,447.12,2.47,8.7802,2.4453
211,1622,"CEL",3.59,NA,440.23,447.04,2.47,8.7787,2.4453
211,1623,"CEL",3.6054,NA,440.03,447.14,2.46,8.7806,2.4354
211,1624,"SC",3.3324,NA,439.65,447.27,3.23,8.7832,2.6357
211,1625,"SC",3.3308,NA,440.31,447.05,3.23,8.7789,2.6357
211,1626,"SC",3.3009,NA,439.85,447.15,3.26,8.7808,2.6602
212,1345,"SC",1.833,NA,375.63,142.25,2.12,3.1709,1.7299
212,1346,"SC",1.8654,NA,371.73,146.13,2.14,3.2574,1.7462
212,1347,"SC",1.7819,NA,375.62,142.2,2.18,3.1698,1.7789
212,1348,"SD",0.97406,NA,373.12,143.09,3.79,3.1896,3.2746
212,1349,"SD",0.97548,NA,373.3,142.92,3.78,3.1858,3.2659
212,1350,"SD",0.98373,NA,372.09,144.13,3.78,3.2128,3.2659
212,1351,"BK",NA,NA,113.49,406.51,0,9.0615,NA
212,1352,"BK",NA,NA,118.8,401.2,0,8.9431,NA
212,1353,"BK",NA,NA,103.41,416.59,0,9.2862,NA
212,1354,"CEL",2.0035,NA,376.03,142.37,1.6,3.1736,1.584
212,1355,"CEL",1.9848,NA,375.58,142.8,1.62,3.1831,1.6038
212,1356,"CEL",1.9934,NA,373.17,145.19,1.64,3.2364,1.6236
213,873,"SC",1.9752,NA,341.01,500.1,4.9,7.8977,3.9984
213,874,"SC",1.9772,NA,344.38,500.6,4.9,7.9056,3.9984
213,875,"SC",1.9792,NA,346.88,501.1,4.9,7.9135,3.9984
213,876,"CEL",1.8563,NA,345.61,500.4,4.3,7.9025,4.257
213,877,"CEL",1.9078,NA,337.02,502.3,4.2,7.9325,4.158
213,878,"CEL",1.9017,NA,368.22,500.7,4.2,7.9072,4.158
213,879,"BK",NA,NA,344.01,500.1,0,7.8977,NA
213,880,"BK",NA,NA,349.93,500.4,0,7.9025,NA
213,881,"BK",NA,NA,346.19,500.4,0,7.9025,NA
214,915,"BK",NA,NA,109.96,200.04,NA,3.8038,NA
214,916,"BK",NA,NA,109.96,200.04,NA,3.8039,NA
214,917,"BK",NA,NA,110.04,199.96,NA,3.8023,NA
214,918,"SC",1.9323,NA,158.18,150.01,1.809,2.8524,1.4761
214,919,"SC",1.9293,NA,158.17,150.02,1.812,2.8527,1.4786
214,920,"SC",1.928,NA,158.18,150,1.813,2.8524,1.4794
214,921,"CEL",1.9275,NA,158.48,150.03,1.495,2.8528,1.48
214,922,"CEL",1.9326,NA,158.49,150.02,1.491,2.8527,1.4761
214,923,"CEL",1.9331,NA,158.45,150.06,1.491,2.8534,1.4761
214,924,"SD",0.96264,NA,156.54,150.03,3.43,2.8528,2.9635
214,925,"SD",0.96285,NA,156.51,150.06,3.43,2.8534,2.9635
214,926,"SD",0.96366,NA,156.52,150.06,3.427,2.8533,2.9609
215,1541,"CEL",2.0982,NA,NA,816.6,9.03,18.757,8.9397
215,1542,"CEL",2.0476,NA,NA,800.43,9.07,18.386,8.9793
215,1543,"CEL",2.0734,NA,NA,807.84,9.04,18.556,8.9496
215,1544,"BK",NA,NA,NA,801.47,NA,18.41,NA
215,1545,"SC",1.9993,NA,NA,805.42,11.34,18.501,9.2534
215,1546,"SC",2.029,NA,NA,801.5,11.12,18.411,9.0739
215,1547,"SC",1.9895,NA,NA,809.22,11.45,18.588,9.3432
215,1548,"SD",1.0362,NA,NA,804.49,20.64,18.479,17.833
215,1549,"SD",1.0402,NA,NA,809.51,20.69,18.595,17.876
215,1550,"SD",1.0424,NA,NA,806.95,20.58,18.536,17.781
216,1517,"BK",NA,NA,289.32,180.08,0,4.4826,NA
216,1518,"BK",NA,NA,289.59,179.83,0,4.4763,NA
216,1519,"BK",NA,NA,288.75,180.61,0,4.4958,NA
216,1520,"CEL",1.9556,NA,288.96,180.44,2.32,4.4915,2.2968
216,1521,"CEL",2.0029,NA,290.11,180.03,2.26,4.4813,2.2374
216,1522,"CEL",2.0002,NA,288.08,181.38,2.28,4.5149,2.2572
216,1523,"SC",1.922,NA,289.26,180.2,2.86,4.4856,2.3338
216,1524,"SC",1.9266,NA,288.95,180,2.85,4.4806,2.3256
216,1525,"SC",1.9252,NA,288.84,180.5,2.86,4.493,2.3338
216,1526,"SD",0.99581,NA,289.26,180.08,5.21,4.4826,4.5014
216,1527,"SD",1.0053,NA,287.73,181.44,5.2,4.5164,4.4928
216,1528,"SD",1.0016,NA,288.94,180.43,5.19,4.4913,4.4842
217,1081,"BK",NA,NA,NA,200.02,NA,4.0597,NA
217,1082,"BK",NA,NA,NA,200.11,NA,4.0615,NA
217,1083,"BK",NA,NA,NA,200.53,NA,4.07,NA
217,1084,"BK",NA,NA,NA,200,NA,4.0593,NA
217,1085,"CEL",2.5111,NA,NA,200.75,1.639,4.0745,1.6226
217,1086,"CEL",2.5028,NA,NA,200.09,1.639,4.0611,1.6226
217,1087,"CEL",2.5051,NA,NA,200.15,1.638,4.0623,1.6216
217,1088,"SC",2.5077,NA,NA,200.03,1.984,4.0599,1.6189
217,1089,"SC",2.4072,NA,NA,200.04,2.067,4.0601,1.6867
217,1090,"SC",2.5269,NA,NA,200.03,1.969,4.0599,1.6067
217,1091,"SC",2.4178,NA,NA,200.12,2.0587,4.0617,1.6799
217,1092,"SD",1.2577,NA,NA,200.02,3.736,4.0597,3.2279
217,1093,"SD",1.2533,NA,NA,200.01,3.749,4.0595,3.2391
217,1094,"SD",1.2473,NA,NA,200.18,3.77,4.0629,3.2573
217,1095,"SD",1.257,NA,NA,200.02,3.738,4.0597,3.2296
218,882,"SC",2.0738,NA,384.23,301.8,7.1,12.015,5.7936
218,883,"SC",2.0396,NA,379.94,301,7.2,11.983,5.8752
218,884,"SC",2.0662,NA,383.01,300.7,7.1,11.971,5.7936
218,885,"CEL",2.0294,NA,377.75,302.8,6,12.054,5.94
218,886,"CEL",2.0153,NA,386.05,300.7,6,11.971,5.94
218,887,"CEL",1.979,NA,382.46,300.2,6.1,11.951,6.039
218,888,"BK",NA,NA,400.16,301.2,0,11.991,NA
218,889,"BK",NA,NA,378.54,301.4,0,11.999,NA
218,890,"BK",NA,NA,381.48,301.3,0,11.995,NA
219,891,"BK",NA,NA,NA,400,NA,6.5857,NA
219,892,"BK",NA,NA,NA,400,NA,6.5857,NA
219,893,"BK",NA,NA,NA,400,NA,6.5857,NA
219,894,"CEL",1.9857,NA,NA,400,3.35,6.5857,3.3165
219,895,"CEL",1.9857,NA,NA,400,3.35,6.5857,3.3165
219,896,"CEL",1.9857,NA,NA,400,3.35,6.5857,3.3165
219,897,"SC",2.0381,NA,NA,400,3.96,6.5857,3.2314
219,898,"SC",2.0381,NA,NA,400,3.96,6.5857,3.2314
219,899,"SC",2.0381,NA,NA,400,3.96,6.5857,3.2314
219,900,"SD",0.99639,NA,NA,400,7.65,6.5857,6.6096
219,901,"SD",0.99639,NA,NA,400,7.65,6.5857,6.6096
219,902,"SD",0.99639,NA,NA,400,7.65,6.5857,6.6096
220,1627,"BK",NA,NA,440.89,310.31,NA,2.9177,NA
220,1628,"SD",0.55606,NA,440.79,310.15,6.07,2.9162,5.2445
220,1629,"SD",0.55491,NA,440.56,310.53,6.09,2.9198,5.2618
220,1630,"SD",0.55173,NA,440.08,310.27,6.12,2.9174,5.2877
220,1631,"BK",NA,NA,441.46,310.13,NA,2.916,NA
220,1632,"BK",NA,NA,440.5,310.01,NA,2.9149,NA
220,1633,"CEL",1.193,NA,440.73,310.26,2.47,2.9173,2.4453
220,1634,"CEL",1.1884,NA,439.86,310.31,2.48,2.9177,2.4552
220,1635,"CEL",1.1694,NA,439.42,310.29,2.52,2.9175,2.4948
220,1636,"SC",1.1114,NA,440.61,310.58,3.22,2.9203,2.6275
220,1637,"SC",1.1141,NA,438.58,310.35,3.21,2.9181,2.6194
220,1638,"SC",1.1083,NA,439.4,310.67,3.23,2.9211,2.6357
221,1291,"SC",1.9836,NA,0.75,1001.7,20,32.372,16.32
221,1292,"SC",1.9784,NA,0.748,1000.1,20.02,32.319,16.336
221,1293,"SC",1.9805,NA,0.739,1000.7,20.01,32.338,16.328
221,1294,"SD",1.0108,NA,0.731,1000.2,37.01,32.322,31.977
221,1295,"SD",1.0111,NA,0.735,1000.2,37,32.322,31.968
221,1296,"SD",1.0109,NA,0.745,1000,37,32.317,31.968
221,1297,"BK",NA,NA,0.773,1000,NA,32.318,NA
221,1298,"BK",NA,NA,0.76,1000.3,NA,32.325,NA
221,1299,"BK",NA,NA,0.771,1000.2,NA,32.321,NA
221,1300,"CEL",1.9181,NA,0.739,1000.1,17.02,32.319,16.85
221,1301,"CEL",1.9204,NA,0.753,1000.1,17,32.32,16.83
221,1302,"CEL",1.9212,NA,0.735,1000.5,17,32.333,16.83
222,1529,"BK",NA,NA,289.04,260.03,0,4.0479,NA
222,1530,"BK",NA,NA,288.74,260.46,0,4.0546,NA
222,1531,"BK",NA,NA,288.97,260.26,0,4.0515,NA
222,1532,"CEL",2.0144,NA,289.22,260.06,2.03,4.0484,2.0097
222,1533,"CEL",2.0282,NA,288.8,260.55,2.02,4.056,1.9998
222,1534,"CEL",2.047,NA,288.92,260.36,2,4.053,1.98
222,1535,"SC",1.9362,NA,288.47,260.83,2.57,4.0604,2.0971
222,1536,"SC",1.9947,NA,288.86,260.35,2.49,4.0529,2.0318
222,1537,"SC",1.8516,NA,289.07,260.12,2.68,4.0493,2.1869
222,1538,"SD",1.0213,NA,288.91,260.18,4.59,4.0502,3.9658
222,1539,"SD",1.0205,NA,288.73,260.53,4.6,4.0557,3.9744
222,1540,"SD",1.0261,NA,288.04,260.84,4.58,4.0605,3.9571
223,1602,"BK",NA,NA,NA,700,NA,9.662,NA
223,1603,"BK",NA,NA,NA,700,NA,9.662,NA
223,1604,"BK",NA,NA,NA,700,NA,9.662,NA
223,1605,"CEL",2.0279,NA,NA,695.25,4.78,9.5965,4.7322
223,1606,"CEL",2.0279,NA,NA,695.25,4.78,9.5965,4.7322
223,1607,"CEL",2.0279,NA,NA,695.25,4.78,9.5965,4.7322
223,1608,"SC",1.9599,NA,NA,694.03,5.99,9.5796,4.8878
223,1609,"SC",1.9599,NA,NA,694.04,5.99,9.5798,4.8878
223,1610,"SC",1.9566,NA,NA,694.02,6,9.5795,4.896
223,1611,"SD",1.0138,NA,NA,689.15,10.86,9.5123,9.383
223,1612,"SD",1.0138,NA,NA,689.16,10.86,9.5124,9.383
223,1613,"SD",1.0128,NA,NA,689.14,10.87,9.5121,9.3917
223,1614,"SD",1.0138,NA,NA,689.14,10.86,9.5121,9.383
224,1445,"BK",NA,NA,655,480,0,7.4685,NA
224,1446,"BK",NA,NA,655,480,0,7.4685,NA
224,1447,"BK",NA,NA,655,480,0,7.4685,NA
224,1448,"SC",1.6315,NA,655,480,5.61,7.4685,4.5778
224,1449,"SC",1.5973,NA,655,480,5.73,7.4685,4.6757
224,1450,"SC",1.6551,NA,655,480,5.53,7.4685,4.5125
224,1451,"CEL",1.6617,NA,655,480,4.54,7.4685,4.4946
224,1452,"CEL",1.6544,NA,655,480,4.56,7.4685,4.5144
224,1453,"CEL",1.6472,NA,655,480,4.58,7.4685,4.5342
224,1454,"SD",0.8056,NA,655,480,10.73,7.4685,9.2707
224,1455,"SD",0.80485,NA,655,480,10.74,7.4685,9.2794
224,1456,"SD",0.8056,NA,655,480,10.73,7.4685,9.2707
225,1168,"BK",NA,NA,NA,400.54,NA,11.537,NA
225,1169,"SD",0.90536,NA,NA,401.94,14.8,11.577,12.787
225,1170,"SD",0.89953,NA,NA,399.62,14.81,11.51,12.796
225,1171,"SD",0.90149,NA,NA,399.95,14.79,11.52,12.779
225,1172,"BK",NA,NA,NA,399.22,NA,11.499,NA
225,1173,"BK",NA,NA,NA,400.69,NA,11.541,NA
225,1174,"CEL",1.7624,NA,NA,399.19,6.59,11.498,6.5241
225,1175,"CEL",1.7833,NA,NA,400.26,6.53,11.529,6.4647
225,1176,"CEL",1.7849,NA,NA,399.99,6.52,11.521,6.4548
225,1177,"SC",1.7673,NA,NA,399.04,7.97,11.494,6.5035
225,1178,"SC",1.7154,NA,NA,399.47,8.22,11.506,6.7075
225,1179,"SC",1.7728,NA,NA,400.78,7.98,11.544,6.5117
226,1588,"BK",Inf,NA,NA,400,0,11.762,0
226,1589,"CEL",4.039,NA,NA,397.08,2.92,11.676,2.8908
226,1590,"CEL",4.039,NA,NA,397.08,2.92,11.676,2.8908
226,1591,"SD",0.99971,NA,NA,386.83,13.169,11.375,11.378
226,1592,"SD",0.99971,NA,NA,386.83,13.169,11.375,11.378
226,1593,"SD",0.99963,NA,NA,386.83,13.17,11.375,11.379
226,1594,"SD",0.99971,NA,NA,386.83,13.169,11.375,11.378
226,1595,"BK",Inf,NA,NA,400,0,11.762,0
226,1596,"BK",Inf,NA,NA,400,0,11.762,0
226,1597,"SC",2.0013,NA,NA,392.92,7.075,11.554,5.7732
226,1598,"SC",2.0001,NA,NA,392.92,7.079,11.554,5.7765
226,1599,"SC",1.9999,NA,NA,392.92,7.08,11.554,5.7773
226,1600,"SC",1.9999,NA,NA,392.92,7.08,11.554,5.7773
226,1601,"CEL",4.039,NA,NA,397.08,2.92,11.676,2.8908
227,781,"BK",NA,NA,910,1003.6,NA,12.345,NA
227,782,"BK",NA,NA,910,1000.5,NA,12.306,NA
227,783,"BK",NA,NA,910,1003.1,NA,12.338,NA
227,784,"CEL",2.0144,NA,910,1005.2,6.2,12.364,6.138
227,785,"CEL",2.005,NA,910,1000.5,6.2,12.306,6.138
227,786,"SC",2.0109,NA,910,1000.5,7.5,12.306,6.12
227,787,"SC",1.9838,NA,910,1000.2,7.6,12.303,6.2016
227,788,"SC",1.9852,NA,910,1000.9,7.6,12.311,6.2016
228,801,"BK",NA,NA,NA,400,NA,6.3039,NA
228,802,"SD",1.0051,NA,NA,392.87,7.13,6.1916,6.1603
228,803,"SD",1.0051,NA,NA,392.87,7.13,6.1916,6.1603
228,804,"SD",1.0051,NA,NA,392.87,7.13,6.1916,6.1603
228,805,"BK",NA,NA,NA,400,NA,6.3039,NA
228,806,"BK",NA,NA,NA,400,NA,6.3039,NA
228,807,"CEL",2.0185,NA,NA,396.87,3.13,6.2546,3.0987
228,808,"CEL",2.0185,NA,NA,396.87,3.13,6.2546,3.0987
228,809,"CEL",2.0185,NA,NA,396.87,3.13,6.2546,3.0987
228,810,"SC",2.003,NA,NA,396.18,3.82,6.2437,3.1171
228,811,"SC",2.003,NA,NA,396.18,3.82,6.2437,3.1171
228,812,"SC",2.003,NA,NA,396.18,3.82,6.2437,3.1171
229,1336,"BK",NA,NA,NA,320.02,0,4.0273,NA
229,1337,"BK",NA,NA,NA,320.03,0,4.0274,NA
229,1338,"BK",NA,NA,NA,320.05,0,4.0277,NA
229,1339,"CEL",1.945,NA,NA,320.06,2.0918,4.0278,2.0709
229,1340,"CEL",1.945,NA,NA,320.04,2.0917,4.0276,2.0708
229,1341,"CEL",1.9453,NA,NA,320.1,2.0917,4.0283,2.0708
229,1342,"SC",1.8391,NA,NA,320.05,2.6838,4.0277,2.19
229,1343,"SC",1.8394,NA,NA,320.05,2.6834,4.0277,2.1897
229,1344,"SC",1.8392,NA,NA,320.05,2.6837,4.0277,2.1899
230,1057,"SC",1.7327,NA,NA,400,2,2.8277,1.632
230,1058,"SC",1.7327,NA,NA,400,2,2.8277,1.632
230,1059,"SC",1.7327,NA,NA,400,2,2.8277,1.632
230,1060,"CEL",1.5868,NA,NA,400,1.8,2.8277,1.782
230,1061,"CEL",1.5868,NA,NA,400,1.8,2.8277,1.782
230,1062,"CEL",1.5868,NA,NA,400,1.8,2.8277,1.782
230,1063,"SD",0.93508,NA,NA,400,3.5,2.8277,3.024
230,1064,"SD",0.93508,NA,NA,400,3.5,2.8277,3.024
230,1065,"SD",0.93508,NA,NA,400,3.5,2.8277,3.024
230,1066,"BK",NA,NA,NA,400,0,2.8277,NA
230,1067,"BK",NA,NA,NA,400,0,2.8277,NA
230,1068,"BK",NA,NA,NA,400,0,2.8277,NA
231,927,"BK",NA,NA,109.9,200.1,NA,3.7885,NA
231,928,"BK",NA,NA,110,200,NA,3.7866,NA
231,929,"BK",NA,NA,110,200,NA,3.7866,NA
231,930,"SC",1.6351,NA,157.8,150.1,2.13,2.8419,1.7381
231,931,"SC",1.6428,NA,157.8,150.1,2.12,2.8419,1.7299
231,932,"SC",1.6417,NA,157.9,150,2.12,2.84,1.7299
231,933,"CEL",2.0215,NA,158.5,150.1,1.42,2.8419,1.4058
231,934,"CEL",2.0202,NA,158.5,150,1.42,2.84,1.4058
231,935,"CEL",2.0202,NA,158.6,150,1.42,2.84,1.4058
232,1551,"CEL",2.0477,NA,NA,801.98,6.82,13.826,6.7518
232,1552,"CEL",2.0581,NA,NA,802.48,6.79,13.835,6.7221
232,1553,"CEL",2.0483,NA,NA,802.18,6.82,13.829,6.7518
232,1554,"BK",NA,NA,NA,802.07,NA,13.828,NA
232,1555,"BK",NA,NA,NA,803.57,NA,13.853,NA
232,1556,"SC",2.0001,NA,NA,802.78,8.48,13.84,6.9197
232,1557,"SC",2.0078,NA,NA,803.03,8.45,13.844,6.8952
232,1558,"SC",2.0264,NA,NA,801.84,8.36,13.824,6.8218
232,1559,"SD",1.0198,NA,NA,804.96,15.75,13.877,13.608
232,1560,"SD",1.0233,NA,NA,803.65,15.67,13.855,13.539
232,1561,"SD",1.0418,NA,NA,805.59,15.43,13.888,13.332
233,1457,"BK",NA,NA,655,480,0,7.4685,NA
233,1458,"BK",NA,NA,655,480,0,7.4685,NA
233,1459,"BK",NA,NA,655,480,0,7.4685,NA
233,1460,"SC",1.6315,NA,655,480,5.61,7.4685,4.5778
233,1461,"SC",1.5973,NA,655,480,5.73,7.4685,4.6757
233,1462,"SC",1.6551,NA,655,480,5.53,7.4685,4.5125
233,1463,"CEL",1.6617,NA,655,480,4.54,7.4685,4.4946
233,1464,"CEL",1.6544,NA,655,480,4.56,7.4685,4.5144
233,1465,"CEL",1.6472,NA,655,480,4.58,7.4685,4.5342
233,1466,"SD",0.8056,NA,655,480,10.73,7.4685,9.2707
233,1467,"SD",0.80485,NA,655,480,10.74,7.4685,9.2794
233,1468,"SD",0.8056,NA,655,480,10.73,7.4685,9.2707
234,1303,"BK",NA,NA,NA,1000,NA,18.234,NA
234,1304,"CEL",1.9784,NA,NA,1000,9.31,18.234,9.2169
234,1305,"SC",1.9314,NA,NA,1000.1,11.57,18.235,9.4411
234,1306,"SD",0.97663,NA,NA,1000,21.61,18.235,18.671
234,1307,"BK",NA,NA,NA,1000,NA,18.235,NA
234,1308,"CEL",1.9719,NA,NA,1000,9.34,18.234,9.2466
234,1309,"SC",1.9585,NA,NA,1000,11.41,18.235,9.3106
234,1310,"SD",0.9762,NA,NA,1000.1,21.62,18.235,18.68
234,1311,"BK",NA,NA,NA,1000,NA,18.234,NA
234,1312,"CEL",1.9678,NA,NA,1000,9.36,18.234,9.2664
234,1313,"SC",1.9688,NA,NA,1000,11.35,18.234,9.2616
234,1314,"SD",0.97703,NA,NA,1000,21.6,18.234,18.662
235,1126,"BK",NA,NA,NA,483.72,NA,26.198,NA
235,1127,"BK",NA,NA,NA,483.69,NA,26.196,NA
235,1128,"BK",NA,NA,NA,483.68,NA,26.196,NA
235,1129,"CEL",2.0045,NA,NA,251.73,6.87,13.633,6.8013
235,1130,"CEL",2.0019,NA,NA,251.77,6.88,13.636,6.8112
235,1131,"CEL",2.0077,NA,NA,252.13,6.87,13.655,6.8013
235,1132,"SC",0.9692,NA,NA,184.14,12.61,9.9728,10.29
235,1133,"SC",0.96946,NA,NA,184.19,12.61,9.9755,10.29
235,1134,"SC",0.96777,NA,NA,184.16,12.63,9.9739,10.306
235,1135,"SC",1.9403,NA,NA,241.77,8.27,13.094,6.7483
235,1136,"SC",1.9402,NA,NA,242.05,8.28,13.109,6.7565
235,1137,"SC",1.9365,NA,NA,241.59,8.28,13.084,6.7565
235,1138,"SD",0.49543,NA,NA,130.49,16.51,7.0672,14.265
235,1139,"SD",0.49483,NA,NA,130.49,16.53,7.0672,14.282
235,1140,"SD",0.49543,NA,NA,130.49,16.51,7.0672,14.265
235,1141,"SD",0.99027,NA,NA,190.38,12.051,10.311,10.412
235,1142,"SD",0.98789,NA,NA,190.38,12.08,10.311,10.437
235,1143,"SD",0.98631,NA,NA,190.39,12.1,10.311,10.454
236,1033,"BK",NA,NA,NA,400,NA,2.6383,NA
236,1034,"BK",NA,NA,NA,400,NA,2.6383,NA
236,1035,"BK",NA,NA,NA,400,NA,2.6383,NA
236,1036,"CEL",0.80269,NA,NA,400,3.32,2.6383,3.2868
236,1037,"CEL",0.80269,NA,NA,400,3.32,2.6383,3.2868
236,1038,"CEL",0.80269,NA,NA,400,3.32,2.6383,3.2868
236,1039,"SC",0.81236,NA,NA,400,3.98,2.6383,3.2477
236,1040,"SC",0.81236,NA,NA,400,3.98,2.6383,3.2477
236,1041,"SC",0.81236,NA,NA,400,3.98,2.6383,3.2477
236,1042,"SD",0.40178,NA,NA,400,7.6,2.6383,6.5664
236,1043,"SD",0.40178,NA,NA,400,7.6,2.6383,6.5664
236,1044,"SD",0.40178,NA,NA,400,7.6,2.6383,6.5664
237,1375,"BK",NA,NA,NA,450.16,NA,14.238,NA
237,1376,"CEL",1.9935,NA,NA,450.51,7.22,14.249,7.1478
237,1377,"SC",2.0051,NA,NA,450.58,8.71,14.251,7.1074
237,1378,"BK",NA,NA,NA,450.97,NA,14.263,NA
237,1379,"SD",0.99249,NA,NA,400.99,14.79,12.683,12.779
237,1380,"SC",1.007,NA,NA,451.55,17.38,14.282,14.182
237,1381,"SC",1.0062,NA,NA,451.16,17.38,14.269,14.182
237,1382,"CEL",1.9899,NA,NA,450.32,7.23,14.243,7.1577
237,1383,"SD",0.49561,NA,NA,400.07,29.55,12.654,25.531
237,1384,"SD",0.49841,NA,NA,400.15,29.39,12.656,25.393
237,1385,"SC",1.0047,NA,NA,450.49,17.38,14.248,14.182
237,1386,"SD",0.49785,NA,NA,400.11,29.42,12.655,25.419
237,1387,"SC",2.0056,NA,NA,450.17,8.7,14.238,7.0992
237,1388,"SD",0.99786,NA,NA,402.34,14.76,12.725,12.753
237,1389,"BK",NA,NA,NA,449.95,NA,14.231,NA
237,1390,"CEL",1.9916,NA,NA,450.1,7.22,14.236,7.1478
237,1391,"SC",2.0086,NA,NA,450.84,8.7,14.259,7.0992
237,1392,"SD",0.99791,NA,NA,400.18,14.68,12.657,12.684
237,1393,"BK",NA,NA,NA,450.78,NA,14.257,NA
238,1394,"BK",NA,NA,NA,450.13,NA,8.5291,NA
238,1395,"CEL",2.0694,NA,NA,450.13,4.1632,8.5291,4.1216
238,1396,"SC",2.0717,NA,NA,450.08,5.0448,8.5281,4.1166
238,1397,"SD",1.0382,NA,NA,400.19,8.4536,7.5828,7.3039
238,1398,"BK",NA,NA,NA,450.01,NA,8.5268,NA
238,1399,"CEL",2.0812,NA,NA,450.43,4.1423,8.5348,4.1009
238,1400,"SC",2.0578,NA,NA,450.09,5.0789,8.5283,4.1444
238,1401,"SD",1.0397,NA,NA,400.92,8.457,7.5967,7.3068
238,1402,"SC",1.0444,NA,NA,450.18,10.009,8.53,8.1672
238,1403,"SD",0.51822,NA,NA,350.34,14.826,6.6383,12.81
238,1404,"SC",1.0416,NA,NA,450.23,10.037,8.531,8.1905
238,1405,"CEL",2.0735,NA,NA,450.62,4.1595,8.5384,4.1179
238,1406,"SD",0.51935,NA,NA,350.25,14.79,6.6366,12.779
238,1407,"SC",1.0402,NA,NA,450.4,10.055,8.5342,8.2046
238,1408,"SD",0.52693,NA,NA,355.55,14.798,6.737,12.785
238,1409,"SC",1.0362,NA,NA,451.04,10.108,8.5463,8.2478
238,1410,"SD",0.5202,NA,NA,350.88,14.792,6.6485,12.781
238,1411,"SC",2.0851,NA,NA,450.38,5.0157,8.5338,4.0928
238,1412,"SD",1.0381,NA,NA,400.09,8.452,7.5809,7.3025
238,1413,"BK",NA,NA,NA,450.06,NA,8.5278,NA
238,1414,"CEL",2.0793,NA,NA,450.43,4.1461,8.5348,4.1046
238,1415,"SC",2.0738,NA,NA,450.13,5.0402,8.5291,4.1128
238,1416,"SD",1.0377,NA,NA,400.09,8.4555,7.5809,7.3056
238,1417,"BK",NA,NA,NA,450.05,NA,8.5276,NA
239,1096,"BK",NA,NA,NA,300.02,NA,3.6573,NA
239,1097,"BK",NA,NA,NA,300.02,NA,3.6573,NA
239,1098,"BK",NA,NA,NA,300.19,NA,3.6593,NA
239,1099,"BK",NA,NA,NA,300.07,NA,3.6579,NA
239,1100,"CEL",1.9247,NA,NA,300.12,1.92,3.6585,1.9008
239,1101,"CEL",1.9248,NA,NA,300.13,1.92,3.6586,1.9008
239,1102,"CEL",1.925,NA,NA,300.16,1.92,3.659,1.9008
239,1103,"SC",1.9243,NA,NA,300.14,2.33,3.6587,1.9013
239,1104,"SC",1.9071,NA,NA,300.01,2.35,3.6571,1.9176
239,1105,"SC",1.933,NA,NA,300.19,2.32,3.6593,1.8931
239,1106,"SC",1.9157,NA,NA,300.08,2.34,3.658,1.9094
239,1107,"SD",0.95558,NA,NA,300.04,4.43,3.6575,3.8275
239,1108,"SD",0.95163,NA,NA,300.15,4.45,3.6588,3.8448
239,1109,"SD",0.96007,NA,NA,300.09,4.41,3.6581,3.8102
239,1110,"SD",0.95362,NA,NA,300.1,4.44,3.6582,3.8362
240,1069,"SC",1.7141,NA,NA,110,1.5,2.098,1.224
240,1070,"SC",1.8365,NA,NA,110,1.4,2.098,1.1424
240,1071,"SC",1.8365,NA,NA,110,1.4,2.098,1.1424
240,1072,"CEL",2.1406,NA,NA,120,1.08,2.2887,1.0692
240,1073,"CEL",2.1017,NA,NA,120,1.1,2.2887,1.089
240,1074,"CEL",2.1017,NA,NA,120,1.1,2.2887,1.089
240,1075,"SD",1.0302,NA,NA,112,2.4,2.1362,2.0736
240,1076,"SD",0.98013,NA,NA,111,2.5,2.1171,2.16
240,1077,"SD",0.99779,NA,NA,113,2.5,2.1552,2.16
240,1078,"BK",NA,NA,NA,120,0,2.2887,NA
240,1079,"BK",NA,NA,NA,122,0,2.3269,NA
240,1080,"BK",NA,NA,NA,121,0,2.3078,NA
241,1222,"CEL",2.0047,NA,NA,761.26,8.7282,17.322,8.6409
241,1223,"SC",2.0257,NA,NA,759.72,10.458,17.287,8.5341
241,1224,"SC",2.0215,NA,NA,759.72,10.48,17.287,8.5518
241,1225,"SC",2.0182,NA,NA,759.45,10.493,17.281,8.5625
241,1226,"BK",Inf,NA,NA,770.82,0,17.54,0
241,1227,"BK",Inf,NA,NA,770.74,0,17.538,0
241,1228,"BK",Inf,NA,NA,770.7,0,17.537,0
241,1229,"CEL",2.003,NA,NA,761.46,8.7378,17.327,8.6504
241,1230,"CEL",2.0035,NA,NA,761.46,8.7357,17.327,8.6483
242,1144,"BK",NA,NA,441.64,48,0,1.9979,NA
242,1145,"BK",NA,NA,425.49,48,0,1.9979,NA
242,1146,"BK",NA,NA,444.79,48,0,1.9979,NA
242,1147,"CEL",2.0181,NA,443.25,48,1,1.9979,0.99
242,1148,"CEL",2.0181,NA,436.44,48,1,1.9979,0.99
242,1149,"CEL",2.0181,NA,443.46,48,1,1.9979,0.99
242,1150,"SC",2.0403,NA,441.11,48,1.2,1.9979,0.9792
242,1151,"SC",2.0403,NA,437.81,48,1.2,1.9979,0.9792
242,1152,"SC",2.0403,NA,439.65,48,1.2,1.9979,0.9792
242,1153,"SD",1.0054,NA,439.7,48,2.3,1.9979,1.9872
242,1154,"SD",1.0054,NA,442.21,48,2.3,1.9979,1.9872
242,1155,"SD",1.0054,NA,440.16,48,2.3,1.9979,1.9872
243,1357,"BK",Inf,NA,NA,300,0,6.611,0
243,1358,"BK",Inf,NA,NA,300,0,6.611,0
243,1359,"BK",Inf,NA,NA,300,0,6.611,0
243,1360,"CEL",2.0165,NA,NA,300,3.3116,6.611,3.2785
243,1361,"CEL",2.0165,NA,NA,300,3.3116,6.611,3.2785
243,1362,"CEL",2.0165,NA,NA,300,3.3116,6.611,3.2785
243,1363,"SC",2.0198,NA,NA,300,4.0112,6.611,3.2731
243,1364,"SC",2.0198,NA,NA,300,4.0112,6.611,3.2731
243,1365,"SC",2.0198,NA,NA,300,4.0112,6.611,3.2731
244,789,"BK",NA,NA,910,701.1,NA,28.444,NA
244,790,"BK",NA,NA,910,702,NA,28.48,NA
244,791,"BK",NA,NA,910,701.2,NA,28.448,NA
244,792,"CEL",2.0423,NA,910,702.7,14.1,28.509,13.959
244,793,"CEL",2.0371,NA,910,700.9,14.1,28.436,13.959
244,794,"CEL",2.044,NA,910,703.3,14.1,28.533,13.959
244,795,"SC",2.0243,NA,910,700.3,17.2,28.411,14.035
244,796,"SC",2.0013,NA,910,700.4,17.4,28.415,14.198
244,797,"SC",2.0451,NA,910,703.4,17.1,28.537,13.954
244,798,"SD",1.0243,NA,910,700.2,32.1,28.407,27.734
244,799,"SD",1.0127,NA,910,700.9,32.5,28.436,28.08
244,800,"SD",1.017,NA,910,699.6,32.3,28.383,27.907
245,1469,"BK",NA,NA,NA,480,NA,7.4714,NA
245,1470,"BK",NA,NA,NA,480,NA,7.4714,NA
245,1471,"BK",NA,NA,NA,480,NA,7.4714,NA
245,1472,"SC",1.6498,NA,NA,480,5.55,7.4714,4.5288
245,1473,"SC",1.6421,NA,NA,480,5.576,7.4714,4.55
245,1474,"SC",1.6512,NA,NA,480,5.545,7.4714,4.5247
245,1475,"CEL",1.6627,NA,NA,480,4.539,7.4714,4.4936
245,1476,"CEL",1.6514,NA,NA,480,4.57,7.4714,4.5243
245,1477,"CEL",1.6478,NA,NA,480,4.58,7.4714,4.5342
245,1478,"SD",0.81273,NA,NA,480,10.64,7.4714,9.193
245,1479,"SD",0.81258,NA,NA,480,10.642,7.4714,9.1947
245,1480,"SD",0.80931,NA,NA,480,10.685,7.4714,9.2318
246,945,"SC",1.9239,NA,NA,444.78,4.73,7.4256,3.8597
246,946,"BK",NA,NA,NA,451,NA,7.5295,NA
246,947,"SC",1.8827,NA,NA,445.38,4.84,7.4356,3.9494
246,948,"SC",0.97056,NA,NA,442.12,9.32,7.3812,7.6051
246,949,"SD",0.93338,NA,NA,444.4,9.2,7.4193,7.9488
246,950,"CEL",1.8632,NA,NA,444.16,4.02,7.4153,3.9798
246,951,"BK",NA,NA,NA,451.31,NA,7.5346,NA
246,952,"SC",0.97042,NA,NA,441.11,9.3,7.3644,7.5888
246,953,"SD",0.9393,NA,NA,441.87,9.09,7.377,7.8538
246,954,"CEL",1.8673,NA,NA,444.02,4.01,7.4129,3.9699
246,955,"BK",NA,NA,NA,450.91,NA,7.528,NA
246,956,"SC",1.9223,NA,NA,444.4,4.73,7.4193,3.8597
246,957,"SC",0.96996,NA,NA,440.9,9.3,7.3609,7.5888
246,958,"SD",0.94122,NA,NA,441.31,9.06,7.3677,7.8278
246,959,"CEL",1.8631,NA,NA,444.13,4.02,7.4148,3.9798
247,1261,"BK",NA,NA,888.7,97.22,0,1.7378,NA
247,1262,"BK",NA,NA,888.7,97.22,0,1.7378,NA
247,1263,"BK",NA,NA,888.3,97.25,0,1.7384,NA
247,1264,"CEL",1.7384,NA,887.6,96.81,1.0055,1.7305,0.99544
247,1265,"CEL",1.7567,NA,935.48,97.77,1.0049,1.7477,0.99485
247,1266,"CEL",1.7508,NA,885.1,97.07,1.0011,1.7352,0.99109
247,1267,"SC",1.7763,NA,899,97.5,1.2024,1.7428,0.98116
247,1268,"SC",1.7427,NA,887,97.16,1.2213,1.7368,0.99658
247,1269,"SC",1.7808,NA,893.5,97,1.1932,1.7339,0.97365
248,849,"BK",NA,NA,786.37,276.54,0,4.5222,NA
248,850,"BK",NA,NA,781.82,280.38,0,4.585,NA
248,851,"BK",NA,NA,783.65,276.52,0,4.5218,NA
248,852,"CEL",2.0515,NA,782.16,280.69,2.26,4.59,2.2374
248,853,"CEL",1.9851,NA,784.13,277.62,2.31,4.5398,2.2869
248,854,"CEL",1.9613,NA,784.79,275.48,2.32,4.5048,2.2968
248,855,"SC",1.9431,NA,790.92,276.34,2.85,4.5189,2.3256
248,856,"SC",1.9949,NA,778.38,281.72,2.83,4.6069,2.3093
248,857,"SC",1.8938,NA,784.76,275.95,2.92,4.5125,2.3827
249,960,"SC",1.9194,NA,NA,441.19,8.62,13.501,7.0339
249,961,"BK",NA,NA,NA,450.15,NA,13.775,NA
249,962,"SC",1.9062,NA,NA,440.69,8.67,13.486,7.0747
249,963,"SC",0.96436,NA,NA,432.53,16.82,13.236,13.725
249,964,"SD",0.95874,NA,NA,434.46,16.05,13.295,13.867
249,965,"CEL",1.927,NA,NA,443.25,7.11,13.564,7.0389
249,966,"BK",NA,NA,NA,450.14,NA,13.775,NA
249,967,"SC",0.87237,NA,NA,432.91,18.61,13.248,15.186
249,968,"SD",0.95818,NA,NA,434.21,16.05,13.287,13.867
249,969,"CEL",1.9242,NA,NA,443.22,7.12,13.563,7.0488
249,970,"BK",NA,NA,NA,450.22,NA,13.777,NA
249,971,"SC",1.9168,NA,NA,441.61,8.64,13.514,7.0502
249,972,"SC",0.99495,NA,NA,445.72,16.8,13.64,13.709
249,973,"SD",0.95905,NA,NA,433.25,16,13.258,13.824
249,974,"CEL",1.9319,NA,NA,443.76,7.1,13.58,7.029
250,1366,"BK",Inf,NA,NA,300,0,6.1499,0
250,1367,"BK",Inf,NA,NA,300,0,6.1499,0
250,1368,"BK",Inf,NA,NA,300,0,6.1499,0
250,1369,"CEL",2.0151,NA,NA,300,3.0827,6.1499,3.0519
250,1370,"CEL",2.0151,NA,NA,300,3.0827,6.1499,3.0519
250,1371,"CEL",2.0151,NA,NA,300,3.0827,6.1499,3.0519
250,1372,"SC",2.0184,NA,NA,300,3.734,6.1499,3.0469
250,1373,"SC",2.0184,NA,NA,300,3.734,6.1499,3.0469
250,1374,"SC",2.0184,NA,NA,300,3.734,6.1499,3.0469
251,936,"BK",NA,NA,109.99,200.01,NA,6.9111,NA
251,937,"BK",NA,NA,109.99,200.01,NA,6.9111,NA
251,938,"BK",NA,NA,109.97,200.03,NA,6.9118,NA
251,939,"SC",1.6639,NA,156.17,150.01,3.8177,5.1834,3.1152
251,940,"SC",1.6634,NA,156.09,150.09,3.8209,5.1862,3.1179
251,941,"SC",1.6639,NA,156.11,150.07,3.8192,5.1855,3.1165
251,942,"CEL",2.0385,NA,157.39,150.04,2.569,5.1844,2.5433
251,943,"CEL",2.035,NA,157.42,150.01,2.5728,5.1834,2.5471
251,944,"CEL",2.0338,NA,157.39,150.04,2.5749,5.1844,2.5492
252,994,"SC",2.7756,NA,NA,30.05,0.404,0.91502,0.32966
252,995,"SC",2.7825,NA,NA,30.05,0.403,0.91502,0.32885
252,996,"SC",2.7964,NA,NA,30.05,0.401,0.91502,0.32722
252,997,"SC",2.8015,NA,NA,30.03,0.4,0.91441,0.3264
252,998,"SC",2.7927,NA,NA,30.01,0.401,0.91381,0.32722
252,999,"SC",2.7996,NA,NA,30.01,0.4,0.91381,0.3264
252,1000,"SD",2.6402,NA,NA,30.04,0.401,0.91472,0.34646
252,1001,"SD",2.6468,NA,NA,30.04,0.4,0.91472,0.3456
252,1002,"SD",2.6468,NA,NA,30.04,0.4,0.91472,0.3456
252,1003,"SD",2.6468,NA,NA,30.04,0.4,0.91472,0.3456
252,1004,"SD",2.6375,NA,NA,30.01,0.401,0.91381,0.34646
252,1005,"SD",2.6459,NA,NA,30.03,0.4,0.91441,0.3456
252,1006,"BK",Inf,NA,NA,50.01,0,1.5228,0
252,1007,"BK",Inf,NA,NA,50.04,0,1.5237,0
252,1008,"BK",Inf,NA,NA,50,0,1.5225,0
252,1009,"CEL",2.3034,NA,NA,30.03,0.401,0.91441,0.39699
252,1010,"CEL",2.3134,NA,NA,30.01,0.399,0.91381,0.39501
252,1011,"CEL",2.3099,NA,NA,30.04,0.4,0.91472,0.396
252,1012,"CEL",2.3026,NA,NA,30.02,0.401,0.91411,0.39699
252,1013,"CEL",2.2847,NA,NA,30.01,0.404,0.91381,0.39996
252,1014,"CEL",2.2984,NA,NA,30.04,0.402,0.91472,0.39798
253,757,"BK",NA,NA,387.91,36,NA,1.9728,NA
253,758,"BK",NA,NA,387.91,36,NA,1.9728,NA
253,759,"BK",NA,NA,387.91,36,NA,1.9728,NA
253,760,"SC",2.0147,NA,387.91,36,1.2,1.9728,0.9792
253,761,"SC",2.0147,NA,387.91,36,1.2,1.9728,0.9792
253,762,"SC",2.0147,NA,387.91,36,1.2,1.9728,0.9792
253,763,"CEL",1.9927,NA,387.91,36,1,1.9728,0.99
253,764,"CEL",1.9927,NA,387.91,36,1,1.9728,0.99
253,765,"CEL",1.9927,NA,387.91,36,1,1.9728,0.99
253,766,"SD",1.0379,NA,387.91,18,1.1,0.9864,0.9504
253,767,"SD",1.0379,NA,387.91,18,1.1,0.9864,0.9504
253,768,"SD",1.0379,NA,387.91,18,1.1,0.9864,0.9504
254,1505,"CEL",1.9991,NA,NA,800.07,7.01,13.873,6.9399
254,1506,"CEL",1.9965,NA,NA,800.17,7.02,13.875,6.9498
254,1507,"CEL",2.0004,NA,NA,800.6,7.01,13.883,6.9399
254,1508,"BK",NA,NA,NA,800.09,0,13.874,NA
254,1509,"BK",NA,NA,NA,802.96,0,13.924,NA
254,1510,"BK",NA,NA,NA,800.35,0,13.878,NA
254,1511,"SC",1.9735,NA,NA,800.53,8.62,13.881,7.0339
254,1512,"SC",1.9901,NA,NA,800.7,8.55,13.884,6.9768
254,1513,"SC",2.0001,NA,NA,800.98,8.51,13.889,6.9442
254,1514,"SD",1.0092,NA,NA,804.06,15.99,13.943,13.815
254,1515,"SD",1.0145,NA,NA,809.28,16.01,14.033,13.833
254,1516,"SD",1.0049,NA,NA,801.59,16.01,13.9,13.833
255,1231,"SD",1.9864,NA,NA,446.8,3.0893,5.3021,2.6692
255,1232,"SC",2.0188,NA,NA,446.9,3.2193,5.3032,2.6269
255,1233,"SC",2.0185,NA,NA,447.89,3.2269,5.315,2.6332
255,1234,"SC",2.0218,NA,NA,447.8,3.2209,5.3139,2.6283
255,1235,"SD",0.99378,NA,NA,443.54,6.13,5.2634,5.2963
255,1236,"SD",0.99409,NA,NA,443.67,6.1299,5.2649,5.2962
255,1237,"SD",0.99607,NA,NA,444.43,6.1282,5.2739,5.2948
255,1238,"SD",1.9911,NA,NA,447.34,3.0858,5.3085,2.6661
255,1239,"SD",1.9915,NA,NA,447.21,3.0842,5.3069,2.6647
255,1240,"BK",NA,NA,NA,450.23,NA,5.3428,NA
255,1241,"BK",NA,NA,NA,450.64,NA,5.3476,NA
255,1242,"BK",NA,NA,NA,450.56,NA,5.3467,NA
255,1243,"CEL",1.9984,NA,NA,447.55,2.6845,5.311,2.6577
255,1244,"CEL",2.0089,NA,NA,449.7,2.6833,5.3365,2.6565
255,1245,"CEL",1.9974,NA,NA,447.69,2.6866,5.3126,2.6597
256,1493,"SC",1.9987,NA,NA,75,2.07,3.3761,1.6891
256,1494,"SC",1.9987,NA,NA,75,2.07,3.3761,1.6891
256,1495,"SC",1.9987,NA,NA,75,2.07,3.3761,1.6891
256,1496,"CEL",1.9599,NA,NA,75,1.74,3.3761,1.7226
256,1497,"CEL",1.9599,NA,NA,75,1.74,3.3761,1.7226
256,1498,"CEL",1.9599,NA,NA,75,1.74,3.3761,1.7226
256,1499,"SD",0.99937,NA,NA,75,3.91,3.3761,3.3782
256,1500,"SD",0.99937,NA,NA,75,3.91,3.3761,3.3782
256,1501,"SD",0.99937,NA,NA,75,3.91,3.3761,3.3782
256,1502,"BK",NA,NA,NA,75,NA,3.3761,NA
256,1503,"BK",NA,NA,NA,75,NA,3.3761,NA
256,1504,"BK",NA,NA,NA,75,NA,3.3761,NA
257,813,"BK",NA,NA,NA,400,NA,6.3039,NA
257,814,"SD",2.0085,NA,NA,396.4,3.6,6.2472,3.1104
257,815,"SD",2.0085,NA,NA,396.4,3.6,6.2472,3.1104
257,816,"SD",2.0085,NA,NA,396.4,3.6,6.2472,3.1104
257,817,"BK",NA,NA,NA,400,NA,6.3039,NA
257,818,"BK",NA,NA,NA,400,NA,6.3039,NA
257,819,"CEL",2.0185,NA,NA,396.87,3.13,6.2546,3.0987
257,820,"CEL",2.0185,NA,NA,396.87,3.13,6.2546,3.0987
257,821,"CEL",2.0185,NA,NA,396.87,3.13,6.2546,3.0987
257,822,"SC",2.003,NA,NA,396.18,3.82,6.2437,3.1171
257,823,"SC",2.003,NA,NA,396.18,3.82,6.2437,3.1171
257,824,"SC",2.003,NA,NA,396.18,3.82,6.2437,3.1171
258,1156,"BK",NA,NA,439.24,24,0,2.0075,NA
258,1157,"BK",NA,NA,442.09,24,0,2.0075,NA
258,1158,"BK",NA,NA,441.63,24,0,2.0075,NA
258,1159,"CEL",2.0278,NA,440.78,24,1,2.0075,0.99
258,1160,"CEL",2.0278,NA,440.55,24,1,2.0075,0.99
258,1161,"CEL",2.0278,NA,435.07,24,1,2.0075,0.99
258,1162,"SC",2.0502,NA,439.2,24,1.2,2.0075,0.9792
258,1163,"SC",2.0502,NA,435.63,24,1.2,2.0075,0.9792
258,1164,"SC",2.0502,NA,440.42,24,1.2,2.0075,0.9792
258,1165,"SD",1.0102,NA,436.05,24,2.3,2.0075,1.9872
258,1166,"SD",1.0102,NA,436,24,2.3,2.0075,1.9872
258,1167,"SD",1.0102,NA,430.98,24,2.3,2.0075,1.9872
259,858,"BK",NA,NA,789.4,272.18,0,4.5698,NA
259,859,"SC",2.0167,NA,788.01,272.48,2.78,4.5748,2.2685
259,860,"SC",1.9998,NA,784.09,273.11,2.81,4.5854,2.293
259,861,"SC",1.8473,NA,787.36,270.24,3.01,4.5372,2.4562
259,862,"SD",2.2639,NA,787.26,271.45,2.33,4.5575,2.0131
259,863,"SD",2.0828,NA,779.22,277.6,2.59,4.6608,2.2378
259,864,"SD",2.0067,NA,790.32,270.55,2.62,4.5424,2.2637
259,865,"SD",0.95791,NA,775.32,199.15,4.04,3.3436,3.4906
259,866,"BK",NA,NA,783.51,271.46,0,4.5577,NA
259,867,"SD",0.97903,NA,778.77,199.51,3.96,3.3497,3.4214
259,868,"SD",0.98234,NA,789.21,199.68,3.95,3.3525,3.4128
259,869,"BK",NA,NA,784.72,269.38,0,4.5228,NA
259,870,"CEL",1.8961,NA,785.15,270.57,2.42,4.5428,2.3958
259,871,"CEL",1.8546,NA,788.69,271.21,2.48,4.5535,2.4552
259,872,"CEL",2.0438,NA,785.08,271.16,2.25,4.5527,2.2275
260,1672,"CEL",2.0182,NA,NA,400,2.22,4.4355,2.1978
260,1673,"BK",NA,NA,NA,400,NA,4.4355,NA
260,1674,"BK",NA,NA,NA,400,NA,4.4355,NA
260,1675,"BK",NA,NA,NA,400,NA,4.4355,NA
260,1676,"CEL",2.0273,NA,NA,400,2.21,4.4355,2.1879
260,1677,"CEL",2.0273,NA,NA,400,2.21,4.4355,2.1879
260,1678,"SC",1.8552,NA,NA,400,2.93,4.4355,2.3909
260,1679,"SC",1.8615,NA,NA,400,2.92,4.4355,2.3827
260,1680,"SC",1.8615,NA,NA,400,2.92,4.4355,2.3827
260,1681,"SD",0.9334,NA,NA,400,5.5,4.4355,4.752
260,1682,"SD",0.9334,NA,NA,400,5.5,4.4355,4.752
260,1683,"SD",0.9334,NA,NA,400,5.5,4.4355,4.752
261,1315,"BK",NA,NA,NA,1000,NA,16.062,NA
261,1316,"CEL",1.7464,NA,NA,1000,9.29,16.062,9.1971
261,1317,"SC",1.7591,NA,NA,1000.1,11.19,16.063,9.131
261,1318,"SD",0.86876,NA,NA,1000.1,21.4,16.063,18.49
261,1319,"BK",NA,NA,NA,1000,NA,16.062,NA
261,1320,"CEL",1.7278,NA,NA,1000,9.39,16.062,9.2961
261,1321,"SC",1.7576,NA,NA,1000.1,11.2,16.063,9.1392
261,1322,"SD",0.86874,NA,NA,1000.1,21.4,16.063,18.49
261,1323,"BK",NA,NA,NA,1000.1,NA,16.063,NA
261,1324,"CEL",1.7409,NA,NA,1000.1,9.32,16.063,9.2268
261,1325,"SC",1.7606,NA,NA,1000,11.18,16.062,9.1229
261,1326,"SD",0.86791,NA,NA,1000,21.42,16.062,18.507
262,1045,"BK",NA,NA,NA,400,NA,4.2224,NA
262,1046,"BK",NA,NA,NA,400,NA,4.2224,NA
262,1047,"BK",NA,NA,NA,400,NA,4.2224,NA
262,1048,"CEL",1.993,NA,NA,400,2.14,4.2224,2.1186
262,1049,"CEL",1.993,NA,NA,400,2.14,4.2224,2.1186
262,1050,"CEL",1.993,NA,NA,400,2.14,4.2224,2.1186
262,1051,"SC",2.0134,NA,NA,400,2.57,4.2224,2.0971
262,1052,"SC",2.0134,NA,NA,400,2.57,4.2224,2.0971
262,1053,"SC",2.0134,NA,NA,400,2.57,4.2224,2.0971
262,1054,"SD",0.9933,NA,NA,400,4.92,4.2224,4.2509
262,1055,"SD",0.9933,NA,NA,400,4.92,4.2224,4.2509
262,1056,"SD",0.9933,NA,NA,400,4.92,4.2224,4.2509
263,1246,"SD",1.9734,NA,NA,440.26,5.8757,10.018,5.0766
263,1247,"SC",2.0267,NA,NA,443.89,6.1075,10.101,4.9837
263,1248,"SC",2.0287,NA,NA,444.15,6.1052,10.107,4.9818
263,1249,"SC",2.0194,NA,NA,443.65,6.1263,10.095,4.9991
263,1250,"SD",0.99707,NA,NA,438.87,11.592,9.9864,10.016
263,1251,"SD",0.99633,NA,NA,438.29,11.586,9.9732,10.01
263,1252,"SD",0.99736,NA,NA,438.65,11.583,9.9814,10.008
263,1253,"SD",1.9982,NA,NA,445.32,5.8693,10.133,5.0711
263,1254,"SD",2.1023,NA,NA,444.99,5.5747,10.126,4.8165
263,1255,"BK",NA,NA,NA,450.02,NA,10.24,NA
263,1256,"BK",NA,NA,NA,450.85,NA,10.259,NA
263,1257,"BK",NA,NA,NA,450.79,NA,10.258,NA
263,1258,"CEL",2.0126,NA,NA,444.47,5.076,10.114,5.0252
263,1259,"CEL",2.0063,NA,NA,444.95,5.0975,10.125,5.0465
263,1260,"CEL",2.0009,NA,NA,445.05,5.1124,10.127,5.0613
264,1639,"BK",NA,NA,440.89,310.31,NA,2.9177,NA
264,1640,"SD",0.55606,NA,440.79,310.15,6.07,2.9162,5.2445
264,1641,"SD",0.55491,NA,440.56,310.53,6.09,2.9198,5.2618
264,1642,"SD",0.55173,NA,440.08,310.27,6.12,2.9174,5.2877
264,1643,"BK",NA,NA,441.46,310.13,NA,2.916,NA
264,1644,"BK",NA,NA,440.5,310.01,NA,2.9149,NA
264,1645,"CEL",1.193,NA,440.73,310.26,2.47,2.9173,2.4453
264,1646,"CEL",1.1884,NA,439.86,310.31,2.48,2.9177,2.4552
264,1647,"CEL",1.1694,NA,439.42,310.29,2.52,2.9175,2.4948
264,1648,"SC",1.1114,NA,440.61,310.58,3.22,2.9203,2.6275
264,1649,"SC",1.1141,NA,438.58,310.35,3.21,2.9181,2.6194
264,1650,"SC",1.1083,NA,439.4,310.67,3.23,2.9211,2.6357
265,825,"BK",NA,NA,NA,400,NA,4.917,NA
265,826,"SD",0.92642,NA,NA,393.95,6.05,4.8426,5.2272
265,827,"SD",0.92642,NA,NA,393.95,6.05,4.8426,5.2272
265,828,"SD",0.92637,NA,NA,393.93,6.05,4.8423,5.2272
265,829,"BK",NA,NA,NA,400,NA,4.917,NA
265,830,"BK",NA,NA,NA,400,NA,4.917,NA
265,831,"CEL",1.8618,NA,NA,397.35,2.65,4.8844,2.6235
265,832,"CEL",1.8618,NA,NA,397.35,2.65,4.8844,2.6235
265,833,"CEL",1.8618,NA,NA,397.35,2.65,4.8844,2.6235
265,834,"SC",1.8505,NA,NA,396.77,3.23,4.8773,2.6357
265,835,"SC",1.8505,NA,NA,396.77,3.23,4.8773,2.6357
265,836,"SC",1.8505,NA,NA,396.77,3.23,4.8773,2.6357
266,1192,"BK",NA,NA,NA,120,0,2.3374,NA
266,1193,"BK",NA,NA,NA,120,0,2.3374,NA
266,1194,"BK",NA,NA,NA,120,0,2.3374,NA
266,1195,"CEL",1.9751,NA,NA,120,1.1954,2.3374,1.1834
266,1196,"CEL",1.9751,NA,NA,120,1.1954,2.3374,1.1834
266,1197,"CEL",1.9751,NA,NA,120,1.1954,2.3374,1.1834
266,1198,"SC",1.0081,NA,NA,120,2.8415,2.3374,2.3187
266,1199,"SC",1.0077,NA,NA,120,2.8424,2.3374,2.3194
266,1200,"SC",1.0067,NA,NA,120,2.8453,2.3374,2.3218
266,1201,"SC",2.0165,NA,NA,120,1.4205,2.3374,1.1591
266,1202,"SC",2.0169,NA,NA,120,1.4202,2.3374,1.1589
266,1203,"SC",2.0142,NA,NA,120,1.4221,2.3374,1.1604
266,1204,"SD",0.99712,NA,NA,120,2.7131,2.3374,2.3441
266,1205,"SD",0.99694,NA,NA,120,2.7136,2.3374,2.3446
266,1206,"SD",0.99664,NA,NA,120,2.7144,2.3374,2.3452
266,1207,"SD",1.9926,NA,NA,120,1.3577,2.3374,1.1731
266,1208,"SD",1.9951,NA,NA,120,1.356,2.3374,1.1716
266,1209,"SD",1.9923,NA,NA,120,1.3579,2.3374,1.1732
267,1015,"BK",NA,NA,500,98.982,NA,2.0258,NA
267,1016,"BK",NA,NA,500,98.982,NA,2.0258,NA
267,1017,"BK",NA,NA,500,98.982,NA,2.0258,NA
267,1018,"CEL",2.026,NA,1010,98.982,1.01,2.0258,0.9999
267,1019,"CEL",2.026,NA,1010,98.982,1.01,2.0258,0.9999
267,1020,"CEL",2.0061,NA,1010,98.982,1.02,2.0258,1.0098
267,1021,"SC",1.0133,NA,1010,98.982,2.45,2.0258,1.9992
267,1022,"SC",1.0133,NA,1010,98.982,2.45,2.0258,1.9992
267,1023,"SC",1.0174,NA,1010,98.982,2.44,2.0258,1.991
267,1024,"SC",2.0184,NA,1010,98.982,1.23,2.0258,1.0037
267,1025,"SC",1.9703,NA,1010,98.982,1.26,2.0258,1.0282
267,1026,"SC",1.9097,NA,1010,98.982,1.3,2.0258,1.0608
267,1027,"SD",1.0194,NA,1010,98.982,2.3,2.0258,1.9872
267,1028,"SD",1.0239,NA,1010,98.982,2.29,2.0258,1.9786
267,1029,"SD",1.0239,NA,1010,98.982,2.29,2.0258,1.9786
267,1030,"SD",2.0213,NA,1010,98.982,1.16,2.0258,1.0022
267,1031,"SD",2.0567,NA,1010,98.982,1.14,2.0258,0.98496
267,1032,"SD",2.004,NA,1010,98.982,1.17,2.0258,1.0109
268,1111,"BK",NA,NA,NA,250.03,NA,2.5016,NA
268,1112,"BK",NA,NA,NA,249.99,NA,2.5012,NA
268,1113,"BK",NA,NA,NA,250.03,NA,2.5016,NA
268,1114,"BK",NA,NA,NA,250.03,NA,2.5016,NA
268,1115,"CEL",2.0947,NA,NA,250.17,1.207,2.503,1.1949
268,1116,"CEL",2.0692,NA,NA,250,1.221,2.5013,1.2088
268,1117,"CEL",2.0844,NA,NA,249.98,1.212,2.5011,1.1999
268,1118,"SC",2.0888,NA,NA,250.43,1.47,2.5056,1.1995
268,1119,"SC",2.0953,NA,NA,251.04,1.469,2.5117,1.1987
268,1120,"SC",2.074,NA,NA,250,1.478,2.5013,1.206
268,1121,"SC",2.1319,NA,NA,252.99,1.455,2.5312,1.1873
268,1122,"SD",1.0359,NA,NA,250.12,2.796,2.5025,2.4157
268,1123,"SD",1.135,NA,NA,268.76,2.742,2.689,2.3691
268,1124,"SD",1.0573,NA,NA,250,2.738,2.5013,2.3656
268,1125,"SD",1.0523,NA,NA,252.27,2.776,2.524,2.3985
269,1270,"BK",NA,NA,894.9,84.38,0,1.8467,NA
269,1271,"BK",NA,NA,894.6,84.73,0,1.8543,NA
269,1272,"BK",NA,NA,894.4,84.86,0,1.8572,NA
269,1273,"CEL",1.861,NA,869.8,84.2,1.0002,1.8427,0.9902
269,1274,"CEL",1.8629,NA,876.6,84.38,1.0013,1.8467,0.99129
269,1275,"CEL",1.8514,NA,877.8,83.96,1.0025,1.8375,0.99248
269,1276,"SC",1.8775,NA,894.5,84.55,1.2078,1.8504,0.98556
269,1277,"SC",1.9158,NA,886.5,84.72,1.186,1.8541,0.96778
269,1278,"SC",1.879,NA,891.8,84.48,1.2058,1.8488,0.98393
270,903,"BK",NA,NA,NA,400,NA,4.7699,NA
270,904,"BK",NA,NA,NA,400,NA,4.7699,NA
270,905,"BK",NA,NA,NA,400,NA,4.7699,NA
270,906,"CEL",1.9992,NA,NA,400,2.41,4.7699,2.3859
270,907,"CEL",1.9992,NA,NA,400,2.41,4.7699,2.3859
270,908,"CEL",1.9992,NA,NA,400,2.41,4.7699,2.3859
270,909,"SC",2.0226,NA,NA,400,2.89,4.7699,2.3582
270,910,"SC",2.0226,NA,NA,400,2.89,4.7699,2.3582
270,911,"SC",2.0226,NA,NA,400,2.89,4.7699,2.3582
270,912,"SD",0.99651,NA,NA,400,5.54,4.7699,4.7866
270,913,"SD",0.99651,NA,NA,400,5.54,4.7699,4.7866
270,914,"SD",0.99651,NA,NA,400,5.54,4.7699,4.7866
271,1418,"SC",1.9988,NA,NA,1901.5,13.97,22.786,11.4
271,1419,"CEL",2.0184,NA,NA,1902.7,11.41,22.8,11.296
271,1420,"CEL",1.9879,NA,NA,1900.2,11.57,22.77,11.454
271,1421,"CEL",2.0125,NA,NA,1900.4,11.43,22.773,11.316
271,1422,"BK",NA,NA,NA,1901.1,NA,22.781,NA
271,1423,"BK",NA,NA,NA,1901.8,NA,22.79,NA
271,1424,"BK",NA,NA,NA,1902.6,NA,22.799,NA
271,1425,"SC",1.9997,NA,NA,1903.7,13.98,22.812,11.408
271,1426,"SC",1.9895,NA,NA,1900.7,14.03,22.776,11.448
271,1427,"SC",0.9993,NA,NA,1900.6,27.93,22.775,22.791
271,1428,"SC",0.99805,NA,NA,1901,27.97,22.779,22.824
271,1429,"SC",0.99755,NA,NA,1900,27.97,22.768,22.824
271,1430,"SD",1.005,NA,NA,1901.4,26.24,22.785,22.671
271,1431,"SD",1.0006,NA,NA,1900.3,26.34,22.771,22.758
271,1432,"SD",1.004,NA,NA,1900.9,26.26,22.778,22.689
272,1180,"BK",NA,NA,NA,399.96,NA,8.5018,NA
272,1181,"SD",0.89722,NA,NA,399.33,10.95,8.4884,9.4608
272,1182,"SD",0.89653,NA,NA,400.48,10.99,8.5129,9.4954
272,1183,"SD",0.89776,NA,NA,401.03,10.99,8.5246,9.4954
272,1184,"BK",NA,NA,NA,400.12,NA,8.5052,NA
272,1185,"BK",NA,NA,NA,400.27,NA,8.5084,NA
272,1186,"CEL",1.8162,NA,NA,400.09,4.73,8.5046,4.6827
272,1187,"CEL",1.808,NA,NA,399.14,4.74,8.4844,4.6926
272,1188,"CEL",1.8082,NA,NA,401.71,4.77,8.539,4.7223
272,1189,"SC",1.7462,NA,NA,403.54,6.02,8.5779,4.9123
272,1190,"SC",1.7352,NA,NA,399.67,6,8.4957,4.896
272,1191,"SC",1.7376,NA,NA,399.55,5.99,8.4931,4.8878
273,769,"BK",NA,NA,387.91,157,NA,2.0206,NA
273,770,"BK",NA,NA,387.91,157,NA,2.0206,NA
273,771,"BK",NA,NA,387.91,157,NA,2.0206,NA
273,772,"SC",2.0635,NA,387.91,157,1.2,2.0206,0.9792
273,773,"SC",2.0635,NA,387.91,157,1.2,2.0206,0.9792
273,774,"SC",2.0635,NA,387.91,157,1.2,2.0206,0.9792
273,775,"CEL",2.041,NA,387.91,157,1,2.0206,0.99
273,776,"CEL",2.041,NA,387.91,157,1,2.0206,0.99
273,777,"CEL",2.041,NA,387.91,157,1,2.0206,0.99
273,778,"SD",1.0562,NA,387.91,78,1.1,1.0039,0.9504
273,779,"SD",1.0562,NA,387.91,78,1.1,1.0039,0.9504
273,780,"SD",1.0562,NA,387.91,78,1.1,1.0039,0.9504
274,1651,"BK",NA,NA,440.39,447.09,NA,8.7796,NA
274,1652,"SD",1.674,NA,440.36,447.07,6.07,8.7793,5.2445
274,1653,"SD",1.6731,NA,439.17,448.31,6.09,8.8036,5.2618
274,1654,"SD",1.6771,NA,440.24,447.16,6.06,8.781,5.2358
274,1655,"BK",NA,NA,440.27,447.05,NA,8.7789,NA
274,1656,"BK",NA,NA,439.91,447.14,NA,8.7806,NA
274,1657,"CEL",3.5907,NA,440.35,447.12,2.47,8.7802,2.4453
274,1658,"CEL",3.59,NA,440.23,447.04,2.47,8.7787,2.4453
274,1659,"CEL",3.6054,NA,440.03,447.14,2.46,8.7806,2.4354
274,1660,"SC",3.3324,NA,439.65,447.27,3.23,8.7832,2.6357
274,1661,"SC",3.3308,NA,440.31,447.05,3.23,8.7789,2.6357
274,1662,"SC",3.3009,NA,439.85,447.15,3.26,8.7808,2.6602
